0,Cloud 0,0,Cloud 0,0
0,Cloud 0,1,Cloud 1,689
0,Cloud 0,2,Cloud 2,616
0,Cloud 0,3,Cloud 3,874
0,Cloud 0,4,Cloud 4,651
0,Cloud 0,5,Cloud 5,493
0,Cloud 0,6,Cloud 6,869
0,Cloud 0,7,Cloud 7,68
0,Cloud 0,8,Cloud 8,789
0,Cloud 0,9,Cloud 9,921
1,Cloud 1,0,Cloud 0,345
1,Cloud 1,1,Cloud 1,0
1,Cloud 1,2,Cloud 2,628
1,Cloud 1,3,Cloud 3,67
1,Cloud 1,4,Cloud 4,794
1,Cloud 1,5,Cloud 5,94
1,Cloud 1,6,Cloud 6,969
1,Cloud 1,7,Cloud 7,251
1,Cloud 1,8,Cloud 8,664
1,Cloud 1,9,Cloud 9,995
2,Cloud 2,0,Cloud 0,171
2,Cloud 2,1,Cloud 1,178
2,Cloud 2,2,Cloud 2,0
2,Cloud 2,3,Cloud 3,760
2,Cloud 2,4,Cloud 4,686
2,Cloud 2,5,Cloud 5,793
2,Cloud 2,6,Cloud 6,421
2,Cloud 2,7,Cloud 7,352
2,Cloud 2,8,Cloud 8,132
2,Cloud 2,9,Cloud 9,555
3,Cloud 3,0,Cloud 0,889
3,Cloud 3,1,Cloud 1,937
3,Cloud 3,2,Cloud 2,848
3,Cloud 3,3,Cloud 3,0
3,Cloud 3,4,Cloud 4,615
3,Cloud 3,5,Cloud 5,96
3,Cloud 3,6,Cloud 6,135
3,Cloud 3,7,Cloud 7,980
3,Cloud 3,8,Cloud 8,691
3,Cloud 3,9,Cloud 9,878
4,Cloud 4,0,Cloud 0,635
4,Cloud 4,1,Cloud 1,690
4,Cloud 4,2,Cloud 2,188
4,Cloud 4,3,Cloud 3,657
4,Cloud 4,4,Cloud 4,0
4,Cloud 4,5,Cloud 5,605
4,Cloud 4,6,Cloud 6,403
4,Cloud 4,7,Cloud 7,279
4,Cloud 4,8,Cloud 8,945
4,Cloud 4,9,Cloud 9,451
5,Cloud 5,0,Cloud 0,310
5,Cloud 5,1,Cloud 1,608
5,Cloud 5,2,Cloud 2,831
5,Cloud 5,3,Cloud 3,881
5,Cloud 5,4,Cloud 4,562
5,Cloud 5,5,Cloud 5,0
5,Cloud 5,6,Cloud 6,482
5,Cloud 5,7,Cloud 7,173
5,Cloud 5,8,Cloud 8,664
5,Cloud 5,9,Cloud 9,415
6,Cloud 6,0,Cloud 0,156
6,Cloud 6,1,Cloud 1,2
6,Cloud 6,2,Cloud 2,822
6,Cloud 6,3,Cloud 3,452
6,Cloud 6,4,Cloud 4,298
6,Cloud 6,5,Cloud 5,361
6,Cloud 6,6,Cloud 6,0
6,Cloud 6,7,Cloud 7,313
6,Cloud 6,8,Cloud 8,178
6,Cloud 6,9,Cloud 9,852
7,Cloud 7,0,Cloud 0,72
7,Cloud 7,1,Cloud 1,729
7,Cloud 7,2,Cloud 2,532
7,Cloud 7,3,Cloud 3,931
7,Cloud 7,4,Cloud 4,814
7,Cloud 7,5,Cloud 5,403
7,Cloud 7,6,Cloud 6,91
7,Cloud 7,7,Cloud 7,0
7,Cloud 7,8,Cloud 8,616
7,Cloud 7,9,Cloud 9,974
8,Cloud 8,0,Cloud 0,806
8,Cloud 8,1,Cloud 1,513
8,Cloud 8,2,Cloud 2,573
8,Cloud 8,3,Cloud 3,357
8,Cloud 8,4,Cloud 4,407
8,Cloud 8,5,Cloud 5,848
8,Cloud 8,6,Cloud 6,970
8,Cloud 8,7,Cloud 7,41
8,Cloud 8,8,Cloud 8,0
8,Cloud 8,9,Cloud 9,524
9,Cloud 9,0,Cloud 0,724
9,Cloud 9,1,Cloud 1,8
9,Cloud 9,2,Cloud 2,374
9,Cloud 9,3,Cloud 3,366
9,Cloud 9,4,Cloud 4,442
9,Cloud 9,5,Cloud 5,431
9,Cloud 9,6,Cloud 6,720
9,Cloud 9,7,Cloud 7,823
9,Cloud 9,8,Cloud 8,688
9,Cloud 9,9,Cloud 9,0
