0,Service 8,0,Cloud 0,22,619,79,27
1,Service 2,0,Cloud 0,107,13,37,0
2,Service 6,1,Cloud 1,71,898,85,90
3,Service 9,2,Cloud 2,515,155,0,85
4,Service 9,2,Cloud 2,146,768,99,95
5,Service 7,0,Cloud 0,236,801,84,27
6,Service 6,2,Cloud 2,140,971,34,52
7,Service 6,1,Cloud 1,671,920,9,61
8,Service 3,0,Cloud 0,22,990,84,50
9,Service 9,2,Cloud 2,975,19,37,87
10,Service 2,1,Cloud 1,255,110,28,74
11,Service 6,0,Cloud 0,362,230,24,19
12,Service 9,2,Cloud 2,456,169,22,76
13,Service 8,0,Cloud 0,284,51,60,47
14,Service 2,2,Cloud 2,208,396,29,5
15,Service 6,2,Cloud 2,786,768,28,32
16,Service 2,0,Cloud 0,876,385,93,78
17,Service 0,2,Cloud 2,155,774,57,27
18,Service 5,1,Cloud 1,212,751,4,68
19,Service 5,0,Cloud 0,762,651,47,13
20,Service 7,0,Cloud 0,626,63,51,36
21,Service 9,1,Cloud 1,606,173,48,8
22,Service 9,1,Cloud 1,43,349,41,31
23,Service 2,1,Cloud 1,998,629,47,1
24,Service 1,0,Cloud 0,996,738,72,68
25,Service 4,1,Cloud 1,142,401,4,30
26,Service 6,0,Cloud 0,694,642,32,31
27,Service 2,2,Cloud 2,495,723,74,40
28,Service 7,0,Cloud 0,277,343,93,20
29,Service 4,1,Cloud 1,729,146,25,97
30,Service 7,1,Cloud 1,263,881,64,65
31,Service 9,1,Cloud 1,638,2,65,4
32,Service 8,2,Cloud 2,888,668,80,65
33,Service 3,2,Cloud 2,709,255,94,73
34,Service 1,1,Cloud 1,235,207,86,92
35,Service 1,0,Cloud 0,693,444,58,12
36,Service 0,0,Cloud 0,555,854,45,37
37,Service 0,0,Cloud 0,696,626,39,61
38,Service 8,0,Cloud 0,790,926,61,16
39,Service 2,1,Cloud 1,988,317,47,43
40,Service 1,1,Cloud 1,22,777,87,69
41,Service 2,2,Cloud 2,679,299,56,60
42,Service 1,0,Cloud 0,988,250,73,15
43,Service 8,0,Cloud 0,556,839,11,16
44,Service 3,0,Cloud 0,999,81,86,90
45,Service 7,1,Cloud 1,655,78,23,44
46,Service 3,1,Cloud 1,310,818,34,66
47,Service 7,2,Cloud 2,205,225,3,68
48,Service 2,1,Cloud 1,108,256,61,6
49,Service 5,2,Cloud 2,979,907,30,70
50,Service 8,2,Cloud 2,375,814,85,69
51,Service 1,2,Cloud 2,682,752,82,81
52,Service 4,1,Cloud 1,150,216,41,12
53,Service 8,2,Cloud 2,703,967,61,45
54,Service 3,2,Cloud 2,679,40,88,15
55,Service 5,0,Cloud 0,616,2,79,93
56,Service 9,2,Cloud 2,49,350,51,31
57,Service 8,1,Cloud 1,477,280,63,83
58,Service 7,1,Cloud 1,443,567,86,99
59,Service 9,1,Cloud 1,416,762,35,5
60,Service 8,0,Cloud 0,11,800,28,49
61,Service 4,0,Cloud 0,491,356,22,25
62,Service 5,1,Cloud 1,529,191,58,61
63,Service 4,0,Cloud 0,510,42,45,57
64,Service 6,1,Cloud 1,530,753,2,39
65,Service 2,1,Cloud 1,844,695,44,17
66,Service 5,1,Cloud 1,375,193,41,6
67,Service 1,0,Cloud 0,452,222,44,20
68,Service 4,1,Cloud 1,293,828,58,62
69,Service 1,2,Cloud 2,293,559,80,36
70,Service 4,2,Cloud 2,19,462,5,97
71,Service 6,1,Cloud 1,384,83,6,69
72,Service 9,0,Cloud 0,407,96,46,89
73,Service 2,2,Cloud 2,485,90,98,41
74,Service 5,2,Cloud 2,574,264,4,85
75,Service 9,0,Cloud 0,187,569,61,43
76,Service 6,1,Cloud 1,128,402,53,84
77,Service 2,0,Cloud 0,721,226,68,61
78,Service 7,0,Cloud 0,235,826,14,55
79,Service 6,0,Cloud 0,38,32,43,72
80,Service 1,1,Cloud 1,815,342,74,93
81,Service 6,2,Cloud 2,502,796,21,70
82,Service 5,1,Cloud 1,369,949,16,3
83,Service 5,0,Cloud 0,933,889,10,9
84,Service 3,2,Cloud 2,382,41,77,24
85,Service 3,1,Cloud 1,954,698,73,92
86,Service 7,2,Cloud 2,319,971,97,34
87,Service 3,0,Cloud 0,45,19,96,48
88,Service 3,2,Cloud 2,629,869,21,76
89,Service 5,1,Cloud 1,21,711,60,53
90,Service 8,1,Cloud 1,395,725,33,22
91,Service 6,0,Cloud 0,671,634,32,22
92,Service 2,2,Cloud 2,162,962,71,70
93,Service 7,0,Cloud 0,837,419,87,26
94,Service 7,0,Cloud 0,595,735,34,20
95,Service 0,2,Cloud 2,176,713,50,60
96,Service 4,1,Cloud 1,153,705,84,75
97,Service 1,0,Cloud 0,142,308,47,1
98,Service 5,0,Cloud 0,879,307,75,65
99,Service 9,2,Cloud 2,573,517,52,57
100,Service 5,2,Cloud 2,439,330,21,92
101,Service 1,0,Cloud 0,689,654,24,38
102,Service 3,1,Cloud 1,28,990,12,12
103,Service 8,2,Cloud 2,685,123,66,67
104,Service 4,1,Cloud 1,356,426,65,94
105,Service 0,2,Cloud 2,879,633,23,96
106,Service 9,1,Cloud 1,220,923,88,16
107,Service 4,2,Cloud 2,146,629,29,74
108,Service 7,2,Cloud 2,818,450,73,78
109,Service 6,2,Cloud 2,846,771,51,86
110,Service 7,2,Cloud 2,190,32,32,71
111,Service 9,1,Cloud 1,392,797,16,58
112,Service 8,2,Cloud 2,674,803,27,34
113,Service 8,1,Cloud 1,659,58,16,70
114,Service 4,2,Cloud 2,274,140,33,79
115,Service 6,1,Cloud 1,90,705,44,6
116,Service 7,2,Cloud 2,682,817,81,25
117,Service 9,2,Cloud 2,193,649,97,54
118,Service 0,0,Cloud 0,280,569,3,25
119,Service 8,2,Cloud 2,11,21,23,19
120,Service 2,0,Cloud 0,128,53,94,41
121,Service 1,0,Cloud 0,751,225,59,11
122,Service 7,1,Cloud 1,572,839,78,15
123,Service 1,2,Cloud 2,936,303,76,7
124,Service 8,0,Cloud 0,386,51,25,85
125,Service 6,1,Cloud 1,555,447,2,76
126,Service 8,2,Cloud 2,511,247,35,57
127,Service 8,0,Cloud 0,919,689,54,97
128,Service 0,1,Cloud 1,652,229,0,4
129,Service 7,0,Cloud 0,152,362,59,99
130,Service 0,1,Cloud 1,346,495,44,78
131,Service 1,0,Cloud 0,939,543,29,14
132,Service 7,0,Cloud 0,618,584,23,8
133,Service 3,2,Cloud 2,841,838,83,58
134,Service 2,1,Cloud 1,623,550,1,14
135,Service 3,2,Cloud 2,858,913,54,68
136,Service 7,0,Cloud 0,49,476,82,65
137,Service 9,1,Cloud 1,868,354,31,95
138,Service 7,1,Cloud 1,667,914,62,51
139,Service 7,2,Cloud 2,440,512,58,89
140,Service 4,2,Cloud 2,999,926,81,66
141,Service 3,1,Cloud 1,39,73,35,57
142,Service 3,0,Cloud 0,715,15,66,23
143,Service 2,2,Cloud 2,249,304,43,16
144,Service 9,1,Cloud 1,813,232,96,15
145,Service 4,0,Cloud 0,832,469,16,65
146,Service 6,2,Cloud 2,255,49,60,91
147,Service 3,0,Cloud 0,136,308,14,72
148,Service 7,2,Cloud 2,490,775,64,54
149,Service 5,0,Cloud 0,322,566,70,58
150,Service 2,0,Cloud 0,199,73,8,97
151,Service 7,1,Cloud 1,713,548,54,19
152,Service 9,1,Cloud 1,334,648,85,2
153,Service 0,0,Cloud 0,236,669,41,32
154,Service 3,1,Cloud 1,945,188,14,13
155,Service 2,2,Cloud 2,100,550,70,4
156,Service 2,1,Cloud 1,342,51,0,78
157,Service 3,1,Cloud 1,549,940,63,36
158,Service 6,0,Cloud 0,488,472,54,26
159,Service 3,1,Cloud 1,885,781,64,59
160,Service 3,0,Cloud 0,581,570,93,70
161,Service 8,1,Cloud 1,871,626,82,24
162,Service 2,1,Cloud 1,254,229,96,23
163,Service 5,2,Cloud 2,960,313,45,87
164,Service 3,1,Cloud 1,990,556,70,8
165,Service 6,2,Cloud 2,607,700,44,91
166,Service 8,1,Cloud 1,658,618,50,49
167,Service 6,2,Cloud 2,436,668,2,96
168,Service 2,0,Cloud 0,98,924,6,91
169,Service 8,2,Cloud 2,458,126,33,91
170,Service 8,2,Cloud 2,776,164,62,80
171,Service 8,0,Cloud 0,335,809,37,80
172,Service 2,0,Cloud 0,44,452,19,55
173,Service 9,0,Cloud 0,408,967,84,26
174,Service 8,1,Cloud 1,706,546,8,1
175,Service 2,2,Cloud 2,943,327,59,67
176,Service 5,2,Cloud 2,878,810,15,45
177,Service 4,2,Cloud 2,434,721,66,62
178,Service 2,0,Cloud 0,272,262,93,10
179,Service 9,2,Cloud 2,626,933,90,55
180,Service 6,2,Cloud 2,787,250,50,82
181,Service 9,1,Cloud 1,571,447,95,72
182,Service 2,0,Cloud 0,529,250,78,27
183,Service 8,1,Cloud 1,273,42,79,52
184,Service 7,2,Cloud 2,191,10,70,40
185,Service 7,2,Cloud 2,40,970,78,89
186,Service 4,1,Cloud 1,656,928,64,28
187,Service 5,0,Cloud 0,507,314,89,94
188,Service 6,1,Cloud 1,694,838,66,52
189,Service 8,1,Cloud 1,136,996,10,43
190,Service 4,0,Cloud 0,567,867,92,47
191,Service 3,2,Cloud 2,317,740,84,88
192,Service 4,0,Cloud 0,600,623,96,94
193,Service 4,0,Cloud 0,779,292,73,60
194,Service 1,0,Cloud 0,272,373,1,33
195,Service 3,1,Cloud 1,997,556,86,61
196,Service 2,0,Cloud 0,94,584,59,39
197,Service 6,1,Cloud 1,790,852,4,70
198,Service 0,0,Cloud 0,926,176,94,71
199,Service 0,0,Cloud 0,815,833,34,85
200,Service 5,1,Cloud 1,10,303,50,8
201,Service 5,2,Cloud 2,866,736,72,54
202,Service 6,2,Cloud 2,100,182,94,71
203,Service 1,2,Cloud 2,425,227,32,30
204,Service 4,0,Cloud 0,659,55,59,23
205,Service 2,0,Cloud 0,366,751,85,93
206,Service 2,1,Cloud 1,573,281,13,0
207,Service 3,0,Cloud 0,467,201,1,31
208,Service 1,2,Cloud 2,309,869,70,88
209,Service 4,2,Cloud 2,236,683,61,21
210,Service 7,2,Cloud 2,339,274,29,68
211,Service 1,1,Cloud 1,764,247,43,59
212,Service 6,1,Cloud 1,147,292,97,5
213,Service 8,2,Cloud 2,164,644,9,21
214,Service 1,0,Cloud 0,358,664,51,83
215,Service 9,1,Cloud 1,61,960,22,43
216,Service 9,2,Cloud 2,642,174,19,84
217,Service 5,0,Cloud 0,542,875,22,49
218,Service 6,1,Cloud 1,372,259,33,82
219,Service 2,1,Cloud 1,573,242,50,99
220,Service 6,2,Cloud 2,280,253,69,63
221,Service 4,1,Cloud 1,229,927,14,49
222,Service 6,1,Cloud 1,42,967,62,39
223,Service 4,1,Cloud 1,683,131,20,10
224,Service 3,0,Cloud 0,79,731,22,51
225,Service 5,1,Cloud 1,911,135,14,23
226,Service 9,2,Cloud 2,962,849,8,50
227,Service 6,2,Cloud 2,125,225,13,92
228,Service 4,0,Cloud 0,811,953,58,68
229,Service 8,2,Cloud 2,584,70,27,11
230,Service 6,1,Cloud 1,901,2,94,28
231,Service 1,0,Cloud 0,444,893,39,5
232,Service 7,1,Cloud 1,903,598,48,13
233,Service 9,0,Cloud 0,430,940,3,44
234,Service 6,1,Cloud 1,861,326,43,31
235,Service 8,1,Cloud 1,883,687,86,23
236,Service 9,0,Cloud 0,346,175,72,98
237,Service 3,2,Cloud 2,429,414,98,29
238,Service 2,2,Cloud 2,670,102,20,98
239,Service 6,2,Cloud 2,197,870,58,58
240,Service 9,0,Cloud 0,887,8,20,32
241,Service 9,1,Cloud 1,469,40,13,41
242,Service 9,0,Cloud 0,923,702,4,24
243,Service 0,1,Cloud 1,396,879,8,64
244,Service 4,2,Cloud 2,859,683,56,84
245,Service 3,1,Cloud 1,409,759,8,8
246,Service 6,2,Cloud 2,64,223,32,90
247,Service 6,1,Cloud 1,809,531,7,96
248,Service 1,0,Cloud 0,426,148,58,26
249,Service 2,0,Cloud 0,263,801,86,24
250,Service 8,1,Cloud 1,126,906,10,37
251,Service 3,2,Cloud 2,820,842,56,86
252,Service 3,2,Cloud 2,100,70,0,36
253,Service 2,0,Cloud 0,494,782,70,40
254,Service 5,0,Cloud 0,43,824,88,56
255,Service 0,2,Cloud 2,443,195,7,87
256,Service 6,0,Cloud 0,265,706,59,80
257,Service 4,0,Cloud 0,279,865,89,16
258,Service 1,1,Cloud 1,841,258,0,52
259,Service 5,1,Cloud 1,422,425,85,77
260,Service 9,0,Cloud 0,806,940,82,2
261,Service 7,0,Cloud 0,499,27,76,87
262,Service 5,2,Cloud 2,432,904,97,52
263,Service 2,1,Cloud 1,353,151,44,34
264,Service 5,0,Cloud 0,513,435,31,82
265,Service 7,1,Cloud 1,835,407,89,64
266,Service 3,2,Cloud 2,407,454,37,74
267,Service 4,1,Cloud 1,250,81,95,51
268,Service 4,1,Cloud 1,39,448,50,0
269,Service 9,1,Cloud 1,564,357,46,90
270,Service 6,0,Cloud 0,966,184,9,37
271,Service 3,2,Cloud 2,923,534,20,12
272,Service 9,1,Cloud 1,522,978,88,75
273,Service 9,0,Cloud 0,38,558,35,86
274,Service 2,0,Cloud 0,770,334,73,90
275,Service 4,0,Cloud 0,415,940,6,14
276,Service 2,1,Cloud 1,78,154,18,15
277,Service 0,0,Cloud 0,349,832,3,88
278,Service 5,2,Cloud 2,150,681,94,15
279,Service 7,1,Cloud 1,822,613,17,90
280,Service 5,0,Cloud 0,427,185,69,20
281,Service 6,2,Cloud 2,822,456,55,56
282,Service 0,2,Cloud 2,800,850,81,52
283,Service 4,0,Cloud 0,319,733,37,35
284,Service 6,1,Cloud 1,268,470,39,51
285,Service 7,0,Cloud 0,298,902,56,82
286,Service 8,2,Cloud 2,838,655,25,4
287,Service 5,0,Cloud 0,956,599,11,87
288,Service 5,0,Cloud 0,224,2,46,60
289,Service 5,2,Cloud 2,234,49,55,59
290,Service 3,1,Cloud 1,113,429,77,21
291,Service 9,0,Cloud 0,215,234,68,9
292,Service 3,2,Cloud 2,401,63,83,51
293,Service 9,1,Cloud 1,775,155,93,32
294,Service 2,0,Cloud 0,185,831,23,4
295,Service 7,0,Cloud 0,248,288,72,23
296,Service 7,0,Cloud 0,308,183,97,34
297,Service 9,2,Cloud 2,487,543,26,2
298,Service 7,0,Cloud 0,71,399,60,62
299,Service 2,2,Cloud 2,994,178,97,26
300,Service 4,1,Cloud 1,857,977,37,90
301,Service 6,1,Cloud 1,116,680,73,91
302,Service 2,1,Cloud 1,639,802,41,25
303,Service 6,1,Cloud 1,218,924,25,76
304,Service 9,0,Cloud 0,82,639,96,51
305,Service 9,2,Cloud 2,522,335,92,59
306,Service 9,0,Cloud 0,7,108,32,11
307,Service 3,0,Cloud 0,873,335,39,87
308,Service 9,2,Cloud 2,10,579,63,73
309,Service 6,2,Cloud 2,653,606,97,81
310,Service 7,0,Cloud 0,178,153,95,95
311,Service 1,0,Cloud 0,641,711,33,68
312,Service 3,1,Cloud 1,512,889,38,77
313,Service 8,1,Cloud 1,57,691,54,67
314,Service 1,2,Cloud 2,234,884,93,58
315,Service 5,0,Cloud 0,110,35,31,81
316,Service 9,0,Cloud 0,430,918,68,12
317,Service 2,2,Cloud 2,284,673,39,17
318,Service 8,0,Cloud 0,884,270,97,22
319,Service 6,2,Cloud 2,122,636,80,20
320,Service 3,2,Cloud 2,610,708,17,43
321,Service 3,0,Cloud 0,527,193,78,73
322,Service 4,2,Cloud 2,709,376,41,94
323,Service 2,0,Cloud 0,976,843,71,76
324,Service 0,0,Cloud 0,281,131,20,12
325,Service 5,0,Cloud 0,789,623,79,19
326,Service 0,0,Cloud 0,821,106,79,44
327,Service 9,2,Cloud 2,124,98,76,31
328,Service 5,0,Cloud 0,663,710,92,37
329,Service 8,2,Cloud 2,568,893,43,66
330,Service 0,2,Cloud 2,249,320,22,99
331,Service 3,2,Cloud 2,260,914,89,30
332,Service 1,1,Cloud 1,831,176,82,98
333,Service 9,1,Cloud 1,685,512,58,86
334,Service 4,1,Cloud 1,134,866,32,79
335,Service 1,0,Cloud 0,380,388,35,21
336,Service 5,1,Cloud 1,934,898,98,10
337,Service 3,1,Cloud 1,233,764,22,11
338,Service 6,0,Cloud 0,896,739,71,30
339,Service 3,2,Cloud 2,232,665,51,77
340,Service 1,0,Cloud 0,537,939,12,68
341,Service 2,1,Cloud 1,940,479,43,62
342,Service 6,2,Cloud 2,847,696,50,0
343,Service 7,1,Cloud 1,367,906,13,77
344,Service 4,1,Cloud 1,875,669,82,64
345,Service 8,0,Cloud 0,764,423,97,80
346,Service 5,1,Cloud 1,665,106,91,24
347,Service 6,0,Cloud 0,26,459,60,84
348,Service 0,2,Cloud 2,379,724,99,31
349,Service 1,0,Cloud 0,356,399,20,51
350,Service 8,0,Cloud 0,559,114,74,35
351,Service 4,2,Cloud 2,885,876,43,24
352,Service 2,2,Cloud 2,533,451,16,61
353,Service 9,0,Cloud 0,642,266,59,80
354,Service 3,1,Cloud 1,569,765,62,28
355,Service 0,1,Cloud 1,55,463,39,85
356,Service 1,1,Cloud 1,254,282,37,78
357,Service 9,2,Cloud 2,805,944,6,88
358,Service 6,1,Cloud 1,566,196,54,28
359,Service 9,1,Cloud 1,42,967,96,66
360,Service 9,0,Cloud 0,190,262,19,26
361,Service 3,1,Cloud 1,390,136,44,9
362,Service 8,2,Cloud 2,179,268,81,54
363,Service 5,2,Cloud 2,512,500,58,29
364,Service 4,0,Cloud 0,765,506,86,90
365,Service 3,1,Cloud 1,506,289,87,10
366,Service 4,0,Cloud 0,725,614,50,56
367,Service 3,2,Cloud 2,596,121,45,29
368,Service 2,1,Cloud 1,443,224,16,18
369,Service 6,1,Cloud 1,607,600,84,20
370,Service 8,1,Cloud 1,475,522,70,78
371,Service 6,2,Cloud 2,721,299,7,8
372,Service 1,0,Cloud 0,936,8,97,82
373,Service 9,2,Cloud 2,127,307,61,13
374,Service 1,1,Cloud 1,208,339,43,83
375,Service 5,0,Cloud 0,256,881,69,18
376,Service 1,0,Cloud 0,545,890,67,18
377,Service 0,2,Cloud 2,205,364,0,13
378,Service 4,0,Cloud 0,851,637,27,60
379,Service 1,2,Cloud 2,735,862,65,9
380,Service 5,1,Cloud 1,779,287,50,2
381,Service 2,2,Cloud 2,984,244,66,97
382,Service 1,1,Cloud 1,752,453,6,57
383,Service 0,1,Cloud 1,997,200,39,10
384,Service 6,1,Cloud 1,976,986,7,16
385,Service 1,2,Cloud 2,58,890,58,39
386,Service 4,2,Cloud 2,40,703,92,54
387,Service 9,0,Cloud 0,464,185,50,21
388,Service 2,1,Cloud 1,547,665,3,45
389,Service 2,1,Cloud 1,489,385,39,70
390,Service 8,1,Cloud 1,46,913,81,28
391,Service 5,1,Cloud 1,709,168,12,55
392,Service 7,0,Cloud 0,519,77,12,17
393,Service 3,2,Cloud 2,422,471,90,46
394,Service 2,1,Cloud 1,710,21,9,23
395,Service 5,0,Cloud 0,742,647,70,17
396,Service 1,2,Cloud 2,698,650,67,57
397,Service 3,2,Cloud 2,704,424,75,63
398,Service 5,1,Cloud 1,118,365,30,45
399,Service 0,2,Cloud 2,367,144,99,39
400,Service 5,0,Cloud 0,299,612,4,7
401,Service 3,1,Cloud 1,526,814,6,20
402,Service 2,1,Cloud 1,818,744,11,67
403,Service 0,0,Cloud 0,654,958,65,50
404,Service 7,2,Cloud 2,52,433,12,67
405,Service 7,1,Cloud 1,718,701,99,54
406,Service 1,1,Cloud 1,275,655,25,4
407,Service 7,0,Cloud 0,375,51,17,94
408,Service 2,1,Cloud 1,378,249,29,94
409,Service 1,1,Cloud 1,83,644,34,63
410,Service 9,2,Cloud 2,705,403,47,47
411,Service 7,1,Cloud 1,730,827,49,36
412,Service 5,2,Cloud 2,52,398,79,73
413,Service 9,0,Cloud 0,788,874,45,94
414,Service 0,2,Cloud 2,781,426,40,35
415,Service 7,2,Cloud 2,549,930,9,65
416,Service 8,1,Cloud 1,226,900,21,70
417,Service 6,1,Cloud 1,859,885,40,40
418,Service 9,0,Cloud 0,412,285,70,36
419,Service 1,1,Cloud 1,4,255,38,65
420,Service 9,2,Cloud 2,364,327,63,92
421,Service 9,2,Cloud 2,883,953,90,84
422,Service 3,1,Cloud 1,224,571,27,42
423,Service 8,1,Cloud 1,682,374,41,18
424,Service 6,2,Cloud 2,370,842,53,37
425,Service 2,0,Cloud 0,164,837,77,20
426,Service 1,2,Cloud 2,742,226,49,94
427,Service 2,1,Cloud 1,95,503,98,71
428,Service 9,1,Cloud 1,695,726,79,66
429,Service 3,2,Cloud 2,735,948,29,33
430,Service 1,0,Cloud 0,540,348,55,85
431,Service 7,2,Cloud 2,172,445,30,71
432,Service 3,1,Cloud 1,917,189,90,85
433,Service 4,0,Cloud 0,908,386,38,36
434,Service 3,2,Cloud 2,631,365,88,13
435,Service 9,0,Cloud 0,782,442,84,96
436,Service 1,2,Cloud 2,427,542,97,75
437,Service 0,2,Cloud 2,266,386,30,18
438,Service 5,2,Cloud 2,467,835,84,62
439,Service 8,1,Cloud 1,740,153,49,50
440,Service 3,2,Cloud 2,604,284,81,40
441,Service 0,1,Cloud 1,400,77,67,23
442,Service 7,1,Cloud 1,728,930,32,57
443,Service 4,0,Cloud 0,178,331,61,48
444,Service 2,1,Cloud 1,273,933,8,5
445,Service 7,0,Cloud 0,667,937,37,62
446,Service 5,1,Cloud 1,634,449,9,86
447,Service 8,2,Cloud 2,281,792,85,36
448,Service 4,0,Cloud 0,300,416,5,3
449,Service 5,0,Cloud 0,893,992,19,86
450,Service 5,1,Cloud 1,42,312,43,97
451,Service 5,0,Cloud 0,155,349,4,55
452,Service 6,2,Cloud 2,592,82,68,43
453,Service 6,0,Cloud 0,846,421,59,81
454,Service 6,2,Cloud 2,767,612,3,62
455,Service 3,1,Cloud 1,662,440,26,90
456,Service 5,0,Cloud 0,826,844,82,78
457,Service 7,2,Cloud 2,902,251,36,72
458,Service 2,1,Cloud 1,159,212,23,66
459,Service 1,1,Cloud 1,778,450,29,52
460,Service 3,2,Cloud 2,909,125,17,86
461,Service 2,1,Cloud 1,764,323,84,2
462,Service 4,2,Cloud 2,844,19,4,72
463,Service 5,2,Cloud 2,957,406,39,15
464,Service 2,2,Cloud 2,717,425,78,9
465,Service 6,1,Cloud 1,62,532,38,17
466,Service 5,2,Cloud 2,908,724,47,86
467,Service 1,1,Cloud 1,199,315,17,35
468,Service 3,1,Cloud 1,396,735,99,76
469,Service 2,1,Cloud 1,244,512,58,25
470,Service 9,1,Cloud 1,156,977,42,83
471,Service 3,2,Cloud 2,310,455,15,10
472,Service 9,0,Cloud 0,670,480,1,80
473,Service 5,0,Cloud 0,917,540,76,3
474,Service 7,1,Cloud 1,842,71,91,19
475,Service 4,0,Cloud 0,316,319,90,26
476,Service 6,0,Cloud 0,307,773,3,53
477,Service 9,2,Cloud 2,224,243,79,60
478,Service 8,0,Cloud 0,453,233,70,31
479,Service 9,2,Cloud 2,927,390,7,58
480,Service 7,1,Cloud 1,126,399,69,31
481,Service 8,2,Cloud 2,699,767,19,15
482,Service 4,2,Cloud 2,20,884,9,67
483,Service 1,1,Cloud 1,154,45,34,75
484,Service 9,1,Cloud 1,90,616,34,64
485,Service 9,2,Cloud 2,30,231,82,19
486,Service 4,2,Cloud 2,623,525,78,40
487,Service 5,0,Cloud 0,696,262,88,52
488,Service 7,2,Cloud 2,244,830,44,84
489,Service 5,2,Cloud 2,957,786,40,94
490,Service 2,1,Cloud 1,165,352,22,79
491,Service 4,0,Cloud 0,234,196,20,97
492,Service 0,1,Cloud 1,738,368,19,94
493,Service 1,1,Cloud 1,381,201,86,93
494,Service 1,0,Cloud 0,79,587,65,31
495,Service 1,2,Cloud 2,526,221,18,91
496,Service 7,1,Cloud 1,761,466,5,10
497,Service 4,1,Cloud 1,807,36,83,35
498,Service 5,2,Cloud 2,590,757,74,14
499,Service 4,0,Cloud 0,283,302,64,25
500,Service 5,0,Cloud 0,163,582,85,32
501,Service 2,2,Cloud 2,97,552,20,74
502,Service 1,1,Cloud 1,94,326,45,54
503,Service 0,0,Cloud 0,789,245,75,88
504,Service 1,0,Cloud 0,977,781,51,20
505,Service 3,2,Cloud 2,494,116,52,31
506,Service 0,2,Cloud 2,154,949,10,35
507,Service 1,2,Cloud 2,804,386,96,31
508,Service 6,1,Cloud 1,859,830,18,24
509,Service 9,2,Cloud 2,688,405,22,52
510,Service 8,2,Cloud 2,50,586,42,64
511,Service 3,2,Cloud 2,861,565,47,43
512,Service 1,0,Cloud 0,710,685,73,50
513,Service 6,2,Cloud 2,789,12,50,13
514,Service 0,1,Cloud 1,71,309,41,26
515,Service 4,2,Cloud 2,552,933,45,6
516,Service 1,0,Cloud 0,502,375,99,67
517,Service 0,0,Cloud 0,260,385,13,53
518,Service 1,1,Cloud 1,396,955,84,45
519,Service 8,1,Cloud 1,767,544,57,93
520,Service 3,1,Cloud 1,61,449,94,72
521,Service 3,2,Cloud 2,38,253,35,63
522,Service 5,0,Cloud 0,997,792,4,90
523,Service 2,0,Cloud 0,541,932,9,83
524,Service 8,0,Cloud 0,33,707,20,50
525,Service 5,2,Cloud 2,215,927,27,1
526,Service 6,2,Cloud 2,358,312,16,46
527,Service 2,0,Cloud 0,539,39,87,72
528,Service 6,2,Cloud 2,958,719,66,29
529,Service 4,0,Cloud 0,565,971,84,43
530,Service 2,2,Cloud 2,863,838,12,56
531,Service 3,0,Cloud 0,559,718,25,85
532,Service 9,2,Cloud 2,801,376,61,83
533,Service 9,1,Cloud 1,158,158,86,85
534,Service 9,0,Cloud 0,211,546,59,89
535,Service 9,2,Cloud 2,218,516,24,39
536,Service 2,0,Cloud 0,656,417,42,89
537,Service 1,0,Cloud 0,782,702,36,2
538,Service 6,2,Cloud 2,594,952,45,41
539,Service 7,2,Cloud 2,355,999,59,59
540,Service 5,2,Cloud 2,409,967,89,0
541,Service 1,0,Cloud 0,535,552,56,7
542,Service 1,2,Cloud 2,77,736,72,84
543,Service 5,0,Cloud 0,939,847,23,67
544,Service 7,2,Cloud 2,544,758,64,83
545,Service 3,2,Cloud 2,665,60,30,50
546,Service 3,0,Cloud 0,123,890,85,66
547,Service 3,2,Cloud 2,582,25,28,99
548,Service 9,1,Cloud 1,912,625,5,91
549,Service 0,1,Cloud 1,916,173,24,96
550,Service 2,1,Cloud 1,338,893,77,65
551,Service 8,2,Cloud 2,627,775,49,72
552,Service 1,1,Cloud 1,872,82,36,1
553,Service 9,1,Cloud 1,766,258,88,37
554,Service 2,2,Cloud 2,383,606,44,40
555,Service 8,1,Cloud 1,379,879,38,54
556,Service 9,1,Cloud 1,655,810,9,12
557,Service 6,1,Cloud 1,222,416,72,1
558,Service 5,0,Cloud 0,44,551,99,52
559,Service 0,1,Cloud 1,902,450,39,16
560,Service 2,1,Cloud 1,492,184,88,38
561,Service 7,0,Cloud 0,648,486,8,56
562,Service 8,2,Cloud 2,849,668,76,60
563,Service 3,1,Cloud 1,247,656,83,42
564,Service 8,1,Cloud 1,319,383,45,40
565,Service 0,1,Cloud 1,771,263,82,42
566,Service 4,1,Cloud 1,217,338,29,30
567,Service 6,0,Cloud 0,8,959,67,84
568,Service 8,0,Cloud 0,487,132,84,78
569,Service 7,0,Cloud 0,874,661,55,78
570,Service 7,1,Cloud 1,325,193,49,0
571,Service 4,0,Cloud 0,420,21,12,6
572,Service 3,1,Cloud 1,11,955,72,57
573,Service 4,2,Cloud 2,993,641,59,23
574,Service 3,2,Cloud 2,281,921,69,11
575,Service 9,2,Cloud 2,688,662,56,77
576,Service 8,2,Cloud 2,697,511,39,64
577,Service 1,0,Cloud 0,747,360,45,58
578,Service 1,2,Cloud 2,153,153,34,83
579,Service 9,1,Cloud 1,494,734,65,22
580,Service 3,0,Cloud 0,327,730,11,6
581,Service 8,1,Cloud 1,552,441,69,98
582,Service 3,0,Cloud 0,791,597,11,38
583,Service 6,2,Cloud 2,770,822,92,8
584,Service 7,1,Cloud 1,104,341,85,10
585,Service 2,0,Cloud 0,658,45,25,29
586,Service 5,0,Cloud 0,55,628,69,92
587,Service 3,2,Cloud 2,200,460,52,12
588,Service 9,1,Cloud 1,538,381,61,89
589,Service 3,2,Cloud 2,308,397,27,19
590,Service 0,0,Cloud 0,787,701,75,36
591,Service 9,0,Cloud 0,15,536,85,53
592,Service 2,0,Cloud 0,685,79,68,91
593,Service 0,2,Cloud 2,669,575,13,78
594,Service 6,0,Cloud 0,340,39,90,16
595,Service 6,2,Cloud 2,333,784,82,61
596,Service 2,2,Cloud 2,30,444,15,42
597,Service 0,1,Cloud 1,433,681,67,32
598,Service 8,2,Cloud 2,476,621,11,66
599,Service 4,1,Cloud 1,311,649,67,38
600,Service 9,1,Cloud 1,812,111,86,58
601,Service 2,1,Cloud 1,600,861,71,17
602,Service 2,1,Cloud 1,650,517,76,6
603,Service 6,2,Cloud 2,370,663,36,10
604,Service 3,1,Cloud 1,1,215,17,18
605,Service 2,1,Cloud 1,816,359,42,2
606,Service 4,1,Cloud 1,429,573,5,15
607,Service 0,0,Cloud 0,623,765,38,96
608,Service 0,1,Cloud 1,377,544,75,94
609,Service 7,0,Cloud 0,890,448,26,68
610,Service 3,2,Cloud 2,89,425,92,34
611,Service 2,2,Cloud 2,257,220,65,17
612,Service 1,1,Cloud 1,473,320,3,58
613,Service 6,2,Cloud 2,361,618,9,74
614,Service 9,2,Cloud 2,308,58,27,5
615,Service 8,1,Cloud 1,716,167,84,71
616,Service 6,2,Cloud 2,722,699,66,87
617,Service 2,0,Cloud 0,905,718,81,20
618,Service 9,0,Cloud 0,165,857,2,70
619,Service 2,2,Cloud 2,559,990,38,62
620,Service 8,1,Cloud 1,238,981,28,68
621,Service 1,2,Cloud 2,417,625,93,35
622,Service 0,0,Cloud 0,789,694,50,49
623,Service 0,0,Cloud 0,761,494,7,77
624,Service 6,0,Cloud 0,183,692,47,26
625,Service 9,0,Cloud 0,21,341,3,8
626,Service 1,1,Cloud 1,565,616,3,77
627,Service 6,1,Cloud 1,620,228,66,54
628,Service 2,0,Cloud 0,748,57,55,79
629,Service 1,1,Cloud 1,61,159,99,87
630,Service 2,0,Cloud 0,902,943,38,33
631,Service 9,2,Cloud 2,958,752,34,26
632,Service 5,2,Cloud 2,302,725,11,9
633,Service 8,1,Cloud 1,135,519,6,45
634,Service 2,2,Cloud 2,173,470,96,72
635,Service 2,2,Cloud 2,273,566,52,51
636,Service 4,0,Cloud 0,322,231,57,31
637,Service 4,2,Cloud 2,941,401,21,11
638,Service 8,0,Cloud 0,22,946,98,70
639,Service 5,2,Cloud 2,793,842,10,21
640,Service 4,0,Cloud 0,246,996,99,77
641,Service 3,0,Cloud 0,64,776,64,59
642,Service 2,2,Cloud 2,568,556,97,81
643,Service 3,0,Cloud 0,111,955,82,22
644,Service 0,2,Cloud 2,569,284,92,70
645,Service 2,2,Cloud 2,235,217,86,1
646,Service 7,0,Cloud 0,703,946,74,32
647,Service 4,0,Cloud 0,302,376,47,15
648,Service 3,1,Cloud 1,772,818,89,72
649,Service 2,2,Cloud 2,223,417,75,5
650,Service 7,1,Cloud 1,668,137,30,4
651,Service 5,1,Cloud 1,211,700,10,22
652,Service 1,0,Cloud 0,996,363,74,80
653,Service 5,1,Cloud 1,873,96,39,86
654,Service 9,0,Cloud 0,567,343,75,22
655,Service 9,1,Cloud 1,653,953,53,52
656,Service 0,0,Cloud 0,427,2,57,96
657,Service 7,0,Cloud 0,83,669,55,54
658,Service 6,2,Cloud 2,459,473,49,89
659,Service 3,2,Cloud 2,924,272,13,98
660,Service 0,2,Cloud 2,350,456,30,5
661,Service 3,1,Cloud 1,650,457,78,28
662,Service 5,0,Cloud 0,596,294,14,83
663,Service 4,0,Cloud 0,367,16,59,44
664,Service 1,0,Cloud 0,22,159,19,7
665,Service 8,1,Cloud 1,34,296,89,27
666,Service 8,0,Cloud 0,662,774,22,21
667,Service 4,2,Cloud 2,347,675,36,15
668,Service 5,2,Cloud 2,493,779,49,96
669,Service 7,2,Cloud 2,619,756,88,16
670,Service 2,0,Cloud 0,240,456,47,84
671,Service 0,2,Cloud 2,253,696,3,6
672,Service 5,1,Cloud 1,266,137,0,11
673,Service 6,0,Cloud 0,19,653,49,26
674,Service 8,2,Cloud 2,847,538,55,53
675,Service 4,0,Cloud 0,644,775,92,48
676,Service 4,2,Cloud 2,595,871,12,92
677,Service 2,0,Cloud 0,517,462,42,29
678,Service 6,0,Cloud 0,600,610,53,50
679,Service 6,2,Cloud 2,28,745,0,75
680,Service 2,1,Cloud 1,491,698,59,41
681,Service 7,1,Cloud 1,50,338,67,14
682,Service 3,1,Cloud 1,695,893,6,53
683,Service 2,2,Cloud 2,536,425,90,30
684,Service 6,2,Cloud 2,962,105,85,90
685,Service 2,2,Cloud 2,688,588,71,24
686,Service 4,1,Cloud 1,783,925,59,7
687,Service 8,1,Cloud 1,477,930,13,19
688,Service 9,2,Cloud 2,96,966,51,76
689,Service 2,1,Cloud 1,901,583,74,74
690,Service 2,1,Cloud 1,798,196,90,43
691,Service 8,2,Cloud 2,132,980,11,26
692,Service 0,0,Cloud 0,160,945,41,5
693,Service 0,1,Cloud 1,471,828,93,26
694,Service 9,2,Cloud 2,476,169,3,11
695,Service 0,2,Cloud 2,672,35,79,29
696,Service 1,2,Cloud 2,453,573,37,94
697,Service 8,0,Cloud 0,713,976,71,68
698,Service 5,1,Cloud 1,148,483,72,15
699,Service 8,0,Cloud 0,19,865,50,43
700,Service 8,1,Cloud 1,707,92,21,16
701,Service 2,1,Cloud 1,755,364,87,15
702,Service 8,2,Cloud 2,75,99,39,82
703,Service 7,0,Cloud 0,245,760,59,81
704,Service 3,2,Cloud 2,898,951,49,76
705,Service 9,2,Cloud 2,736,949,13,14
706,Service 9,1,Cloud 1,697,502,44,53
707,Service 9,2,Cloud 2,372,268,29,51
708,Service 1,1,Cloud 1,974,623,65,64
709,Service 6,0,Cloud 0,2,115,83,20
710,Service 4,0,Cloud 0,482,259,22,58
711,Service 0,0,Cloud 0,712,941,91,43
712,Service 7,2,Cloud 2,251,800,81,79
713,Service 6,0,Cloud 0,810,606,58,30
714,Service 1,1,Cloud 1,283,79,47,69
715,Service 5,0,Cloud 0,709,860,3,19
716,Service 7,2,Cloud 2,406,148,50,12
717,Service 7,1,Cloud 1,741,58,92,92
718,Service 4,1,Cloud 1,867,185,57,89
719,Service 7,0,Cloud 0,188,898,43,73
720,Service 0,2,Cloud 2,324,233,88,80
721,Service 8,0,Cloud 0,526,216,9,83
722,Service 0,1,Cloud 1,498,306,60,2
723,Service 4,2,Cloud 2,229,355,23,67
724,Service 9,1,Cloud 1,653,131,48,83
725,Service 0,2,Cloud 2,963,971,6,20
726,Service 3,0,Cloud 0,895,855,8,85
727,Service 1,1,Cloud 1,618,769,82,77
728,Service 7,0,Cloud 0,678,585,27,5
729,Service 5,0,Cloud 0,390,91,86,62
730,Service 0,0,Cloud 0,4,40,77,36
731,Service 4,0,Cloud 0,863,437,67,12
732,Service 9,2,Cloud 2,610,143,48,95
733,Service 8,1,Cloud 1,173,827,11,5
734,Service 2,2,Cloud 2,8,686,62,76
735,Service 0,2,Cloud 2,724,34,77,62
736,Service 3,0,Cloud 0,820,843,33,63
737,Service 6,2,Cloud 2,592,998,6,87
738,Service 0,1,Cloud 1,631,906,77,47
739,Service 4,2,Cloud 2,23,890,10,23
740,Service 4,2,Cloud 2,673,242,3,76
741,Service 6,2,Cloud 2,364,833,59,6
742,Service 7,1,Cloud 1,208,838,41,86
743,Service 8,1,Cloud 1,384,940,70,2
744,Service 7,2,Cloud 2,611,945,21,34
745,Service 1,2,Cloud 2,128,713,18,7
746,Service 7,1,Cloud 1,873,552,20,4
747,Service 8,2,Cloud 2,999,38,70,24
748,Service 8,1,Cloud 1,539,613,42,36
749,Service 8,2,Cloud 2,427,969,0,25
750,Service 0,1,Cloud 1,326,147,87,8
751,Service 9,1,Cloud 1,694,23,14,17
752,Service 9,1,Cloud 1,764,179,18,23
753,Service 9,2,Cloud 2,521,907,49,37
754,Service 1,2,Cloud 2,822,703,24,99
755,Service 6,2,Cloud 2,468,869,3,12
756,Service 5,2,Cloud 2,750,127,29,57
757,Service 5,0,Cloud 0,671,394,39,7
758,Service 5,1,Cloud 1,588,238,29,26
759,Service 5,1,Cloud 1,633,829,94,46
760,Service 7,0,Cloud 0,960,445,48,26
761,Service 6,2,Cloud 2,843,730,68,30
762,Service 5,1,Cloud 1,378,230,82,89
763,Service 2,2,Cloud 2,63,423,44,4
764,Service 5,1,Cloud 1,426,168,60,38
765,Service 0,1,Cloud 1,85,809,81,7
766,Service 5,0,Cloud 0,281,185,40,71
767,Service 9,1,Cloud 1,241,906,68,80
768,Service 2,2,Cloud 2,623,803,18,0
769,Service 6,2,Cloud 2,717,513,74,78
770,Service 5,0,Cloud 0,279,239,25,32
771,Service 6,1,Cloud 1,498,566,33,89
772,Service 6,1,Cloud 1,566,654,11,86
773,Service 7,0,Cloud 0,719,738,13,24
774,Service 5,2,Cloud 2,44,899,45,93
775,Service 8,0,Cloud 0,780,535,20,12
776,Service 3,0,Cloud 0,600,987,17,31
777,Service 3,0,Cloud 0,352,290,36,25
778,Service 2,1,Cloud 1,755,604,3,30
779,Service 3,0,Cloud 0,261,143,73,25
780,Service 6,0,Cloud 0,698,44,8,47
781,Service 0,1,Cloud 1,515,358,55,52
782,Service 2,1,Cloud 1,443,547,89,54
783,Service 6,2,Cloud 2,341,681,70,28
784,Service 4,2,Cloud 2,508,750,80,50
785,Service 9,2,Cloud 2,57,869,61,77
786,Service 1,1,Cloud 1,883,269,24,73
787,Service 2,2,Cloud 2,700,202,8,9
788,Service 4,1,Cloud 1,772,369,56,36
789,Service 5,1,Cloud 1,415,992,98,34
790,Service 8,1,Cloud 1,503,711,53,41
791,Service 6,1,Cloud 1,440,829,40,7
792,Service 5,0,Cloud 0,952,99,1,83
793,Service 4,0,Cloud 0,399,418,3,16
794,Service 5,0,Cloud 0,626,490,24,47
795,Service 4,0,Cloud 0,798,903,93,69
796,Service 1,2,Cloud 2,848,163,44,70
797,Service 7,1,Cloud 1,404,367,84,36
798,Service 2,1,Cloud 1,695,396,85,98
799,Service 1,1,Cloud 1,637,472,83,67
800,Service 0,2,Cloud 2,164,191,59,63
801,Service 1,1,Cloud 1,817,14,69,35
802,Service 8,0,Cloud 0,788,951,40,76
803,Service 6,1,Cloud 1,215,779,18,87
804,Service 8,1,Cloud 1,494,947,54,32
805,Service 2,0,Cloud 0,457,12,70,25
806,Service 4,0,Cloud 0,126,810,25,76
807,Service 6,0,Cloud 0,931,0,14,22
808,Service 6,0,Cloud 0,385,231,1,84
809,Service 1,1,Cloud 1,129,975,82,63
810,Service 6,0,Cloud 0,782,277,9,71
811,Service 1,0,Cloud 0,589,86,31,66
812,Service 8,0,Cloud 0,902,960,27,74
813,Service 5,0,Cloud 0,576,351,69,88
814,Service 0,0,Cloud 0,421,442,12,39
815,Service 3,1,Cloud 1,819,297,10,71
816,Service 7,1,Cloud 1,884,838,6,76
817,Service 9,1,Cloud 1,962,72,2,95
818,Service 6,0,Cloud 0,381,853,8,71
819,Service 7,0,Cloud 0,772,89,64,12
820,Service 7,2,Cloud 2,767,467,35,51
821,Service 9,1,Cloud 1,105,798,99,48
822,Service 4,1,Cloud 1,790,510,90,79
823,Service 0,2,Cloud 2,116,391,73,32
824,Service 7,2,Cloud 2,590,734,96,4
825,Service 3,0,Cloud 0,629,237,96,16
826,Service 0,0,Cloud 0,463,603,97,57
827,Service 3,2,Cloud 2,173,383,29,46
828,Service 7,0,Cloud 0,950,863,4,35
829,Service 2,1,Cloud 1,465,36,79,72
830,Service 7,2,Cloud 2,936,141,10,46
831,Service 1,1,Cloud 1,251,822,71,21
832,Service 1,1,Cloud 1,502,146,1,46
833,Service 3,1,Cloud 1,256,290,30,44
834,Service 4,0,Cloud 0,26,589,88,70
835,Service 2,1,Cloud 1,358,670,82,83
836,Service 7,0,Cloud 0,846,70,31,1
837,Service 4,0,Cloud 0,529,240,22,41
838,Service 3,1,Cloud 1,813,449,37,47
839,Service 4,1,Cloud 1,317,632,99,12
840,Service 7,0,Cloud 0,445,363,95,32
841,Service 7,1,Cloud 1,292,681,68,11
842,Service 4,0,Cloud 0,341,946,96,24
843,Service 7,2,Cloud 2,50,796,32,5
844,Service 0,0,Cloud 0,783,988,35,13
845,Service 4,1,Cloud 1,653,847,23,99
846,Service 6,2,Cloud 2,150,579,64,88
847,Service 8,2,Cloud 2,272,129,99,28
848,Service 5,0,Cloud 0,234,348,35,85
849,Service 2,2,Cloud 2,726,123,26,28
850,Service 3,0,Cloud 0,640,934,71,17
851,Service 3,0,Cloud 0,492,103,55,8
852,Service 1,2,Cloud 2,884,408,19,85
853,Service 9,0,Cloud 0,772,792,54,95
854,Service 1,0,Cloud 0,542,296,71,89
855,Service 7,1,Cloud 1,395,883,52,41
856,Service 0,0,Cloud 0,676,560,95,9
857,Service 9,1,Cloud 1,506,677,66,52
858,Service 5,1,Cloud 1,420,530,34,7
859,Service 3,1,Cloud 1,405,95,2,81
860,Service 7,0,Cloud 0,423,778,34,59
861,Service 9,0,Cloud 0,782,360,85,40
862,Service 4,1,Cloud 1,844,814,3,29
863,Service 4,0,Cloud 0,624,879,35,82
864,Service 9,0,Cloud 0,666,49,3,38
865,Service 9,0,Cloud 0,191,651,36,39
866,Service 7,1,Cloud 1,332,163,59,51
867,Service 1,2,Cloud 2,131,564,58,1
868,Service 6,1,Cloud 1,81,372,36,5
869,Service 2,1,Cloud 1,909,64,61,48
870,Service 1,2,Cloud 2,544,743,50,24
871,Service 8,1,Cloud 1,97,477,57,27
872,Service 8,2,Cloud 2,930,29,71,99
873,Service 7,0,Cloud 0,969,82,71,54
874,Service 7,2,Cloud 2,850,826,10,25
875,Service 4,1,Cloud 1,236,719,40,48
876,Service 1,0,Cloud 0,869,630,14,89
877,Service 0,1,Cloud 1,400,509,18,67
878,Service 3,1,Cloud 1,291,196,75,83
879,Service 5,1,Cloud 1,563,834,49,78
880,Service 8,1,Cloud 1,616,995,80,1
881,Service 9,1,Cloud 1,387,528,86,97
882,Service 5,2,Cloud 2,829,825,52,59
883,Service 4,0,Cloud 0,74,670,88,39
884,Service 2,2,Cloud 2,632,481,89,7
885,Service 2,2,Cloud 2,351,372,6,97
886,Service 4,1,Cloud 1,3,592,69,17
887,Service 9,2,Cloud 2,391,430,24,35
888,Service 8,2,Cloud 2,996,38,33,52
889,Service 9,1,Cloud 1,446,735,75,18
890,Service 8,0,Cloud 0,904,490,76,68
891,Service 4,1,Cloud 1,618,769,10,29
892,Service 7,1,Cloud 1,274,384,48,87
893,Service 3,1,Cloud 1,906,391,25,55
894,Service 8,2,Cloud 2,690,12,99,95
895,Service 7,1,Cloud 1,307,244,31,41
896,Service 3,2,Cloud 2,217,627,88,92
897,Service 1,1,Cloud 1,519,891,80,51
898,Service 0,0,Cloud 0,104,960,80,24
899,Service 7,2,Cloud 2,299,644,88,59
900,Service 4,0,Cloud 0,520,621,50,15
901,Service 2,2,Cloud 2,300,956,57,59
902,Service 8,0,Cloud 0,459,24,39,76
903,Service 0,2,Cloud 2,284,882,91,94
904,Service 6,2,Cloud 2,545,503,63,39
905,Service 1,0,Cloud 0,710,330,42,55
906,Service 0,1,Cloud 1,1,12,24,9
907,Service 1,1,Cloud 1,439,529,38,69
908,Service 8,1,Cloud 1,15,899,58,90
909,Service 1,1,Cloud 1,548,608,50,72
910,Service 2,2,Cloud 2,883,668,45,93
911,Service 9,2,Cloud 2,306,35,76,66
912,Service 7,1,Cloud 1,913,43,84,37
913,Service 3,1,Cloud 1,961,160,56,15
914,Service 1,1,Cloud 1,236,127,36,72
915,Service 7,2,Cloud 2,272,500,80,5
916,Service 8,1,Cloud 1,169,982,75,66
917,Service 3,0,Cloud 0,166,247,17,50
918,Service 5,2,Cloud 2,815,706,36,13
919,Service 7,1,Cloud 1,133,319,81,5
920,Service 7,0,Cloud 0,210,942,90,16
921,Service 8,1,Cloud 1,675,112,53,68
922,Service 4,2,Cloud 2,698,207,85,8
923,Service 3,1,Cloud 1,618,59,16,45
924,Service 1,1,Cloud 1,618,906,25,96
925,Service 0,2,Cloud 2,788,351,92,76
926,Service 1,1,Cloud 1,148,257,60,75
927,Service 5,1,Cloud 1,873,279,64,3
928,Service 3,2,Cloud 2,717,282,68,92
929,Service 1,0,Cloud 0,279,43,99,39
930,Service 5,0,Cloud 0,937,422,64,44
931,Service 3,2,Cloud 2,726,770,94,66
932,Service 1,2,Cloud 2,617,16,89,55
933,Service 2,0,Cloud 0,133,972,62,23
934,Service 3,1,Cloud 1,115,107,60,15
935,Service 4,1,Cloud 1,740,156,16,96
936,Service 0,1,Cloud 1,112,223,71,53
937,Service 8,2,Cloud 2,666,770,78,58
938,Service 1,0,Cloud 0,601,379,12,74
939,Service 3,2,Cloud 2,349,307,6,88
940,Service 6,1,Cloud 1,167,123,16,12
941,Service 5,0,Cloud 0,172,453,47,35
942,Service 0,2,Cloud 2,735,418,34,5
943,Service 7,2,Cloud 2,803,333,96,4
944,Service 2,0,Cloud 0,750,613,64,29
945,Service 3,2,Cloud 2,191,52,89,68
946,Service 7,1,Cloud 1,775,501,3,56
947,Service 6,1,Cloud 1,832,123,67,59
948,Service 4,1,Cloud 1,265,7,12,34
949,Service 2,0,Cloud 0,594,198,85,12
950,Service 5,1,Cloud 1,246,523,99,63
951,Service 7,0,Cloud 0,381,841,25,87
952,Service 4,1,Cloud 1,198,768,43,72
953,Service 8,0,Cloud 0,676,72,85,22
954,Service 8,1,Cloud 1,14,66,48,79
955,Service 3,0,Cloud 0,674,923,97,8
956,Service 0,2,Cloud 2,969,839,85,83
957,Service 5,0,Cloud 0,567,8,88,44
958,Service 4,2,Cloud 2,475,158,24,6
959,Service 3,0,Cloud 0,370,387,83,13
960,Service 2,2,Cloud 2,938,891,52,54
961,Service 6,1,Cloud 1,374,226,64,98
962,Service 2,1,Cloud 1,42,818,67,77
963,Service 3,0,Cloud 0,365,131,30,14
964,Service 1,0,Cloud 0,288,431,74,74
965,Service 4,1,Cloud 1,945,136,61,86
966,Service 4,2,Cloud 2,7,45,79,42
967,Service 6,1,Cloud 1,507,834,76,69
968,Service 3,0,Cloud 0,567,697,76,9
969,Service 8,1,Cloud 1,79,630,40,87
970,Service 1,0,Cloud 0,894,629,57,62
971,Service 3,2,Cloud 2,435,428,36,89
972,Service 2,1,Cloud 1,950,565,44,62
973,Service 1,2,Cloud 2,447,524,39,23
974,Service 9,0,Cloud 0,306,182,1,66
975,Service 2,1,Cloud 1,528,604,27,81
976,Service 8,2,Cloud 2,74,928,36,14
977,Service 7,0,Cloud 0,457,198,84,3
978,Service 9,2,Cloud 2,223,636,69,82
979,Service 7,2,Cloud 2,920,503,72,45
980,Service 5,0,Cloud 0,661,421,61,89
981,Service 0,2,Cloud 2,434,676,74,66
982,Service 8,1,Cloud 1,39,84,45,19
983,Service 9,2,Cloud 2,871,456,76,36
984,Service 8,2,Cloud 2,458,830,10,65
985,Service 4,1,Cloud 1,427,354,62,65
986,Service 9,2,Cloud 2,879,847,97,35
987,Service 1,1,Cloud 1,241,480,95,26
988,Service 8,1,Cloud 1,512,461,47,56
989,Service 8,2,Cloud 2,142,896,99,63
990,Service 0,0,Cloud 0,410,331,25,32
991,Service 0,0,Cloud 0,217,411,28,38
992,Service 0,1,Cloud 1,620,899,23,4
993,Service 3,1,Cloud 1,629,502,77,17
994,Service 8,1,Cloud 1,831,955,83,50
995,Service 8,1,Cloud 1,276,885,34,69
996,Service 0,1,Cloud 1,813,982,25,16
997,Service 2,2,Cloud 2,486,223,48,88
998,Service 9,2,Cloud 2,775,908,31,37
999,Service 6,1,Cloud 1,837,630,42,74
1000,Service 3,1,Cloud 1,508,378,57,92
1001,Service 6,0,Cloud 0,390,272,95,33
1002,Service 5,1,Cloud 1,146,375,92,76
1003,Service 3,0,Cloud 0,11,348,55,10
1004,Service 5,0,Cloud 0,432,957,4,52
1005,Service 9,1,Cloud 1,342,383,80,55
1006,Service 3,2,Cloud 2,320,907,18,21
1007,Service 5,0,Cloud 0,611,817,83,48
1008,Service 9,0,Cloud 0,886,912,37,33
1009,Service 0,1,Cloud 1,255,953,35,31
1010,Service 0,0,Cloud 0,172,344,40,76
1011,Service 0,1,Cloud 1,986,342,40,62
1012,Service 3,1,Cloud 1,154,824,52,25
1013,Service 2,2,Cloud 2,88,601,53,78
1014,Service 5,0,Cloud 0,594,967,47,96
1015,Service 7,1,Cloud 1,44,970,15,76
1016,Service 7,0,Cloud 0,817,205,45,20
1017,Service 8,2,Cloud 2,360,483,95,30
1018,Service 5,0,Cloud 0,823,730,6,0
1019,Service 5,0,Cloud 0,270,640,16,18
1020,Service 6,2,Cloud 2,71,509,83,79
1021,Service 6,1,Cloud 1,625,998,50,80
1022,Service 7,2,Cloud 2,42,636,95,75
1023,Service 6,0,Cloud 0,291,643,37,74
1024,Service 8,1,Cloud 1,783,975,21,70
1025,Service 3,2,Cloud 2,562,655,55,39
1026,Service 3,1,Cloud 1,36,524,67,12
1027,Service 2,0,Cloud 0,784,317,27,2
1028,Service 6,0,Cloud 0,786,317,51,46
1029,Service 1,2,Cloud 2,901,699,97,85
1030,Service 3,0,Cloud 0,926,408,43,11
1031,Service 0,2,Cloud 2,345,486,42,25
1032,Service 6,2,Cloud 2,548,619,52,31
1033,Service 3,1,Cloud 1,794,513,8,94
1034,Service 5,1,Cloud 1,905,51,22,78
1035,Service 6,1,Cloud 1,478,60,74,47
1036,Service 9,2,Cloud 2,110,349,97,37
1037,Service 5,2,Cloud 2,369,364,82,40
1038,Service 2,2,Cloud 2,849,377,52,11
1039,Service 5,0,Cloud 0,434,844,54,97
1040,Service 8,1,Cloud 1,267,119,57,83
1041,Service 8,2,Cloud 2,175,805,40,87
1042,Service 2,1,Cloud 1,962,824,40,58
1043,Service 0,2,Cloud 2,167,84,53,8
1044,Service 2,1,Cloud 1,566,956,93,87
1045,Service 9,0,Cloud 0,937,565,48,81
1046,Service 8,2,Cloud 2,708,792,54,42
1047,Service 1,1,Cloud 1,378,448,87,96
1048,Service 3,1,Cloud 1,951,26,91,13
1049,Service 4,1,Cloud 1,802,735,55,74
1050,Service 9,0,Cloud 0,977,242,97,49
1051,Service 8,1,Cloud 1,418,481,78,12
1052,Service 9,2,Cloud 2,644,623,93,43
1053,Service 9,0,Cloud 0,312,690,52,39
1054,Service 2,2,Cloud 2,771,23,37,18
1055,Service 9,2,Cloud 2,61,153,43,78
1056,Service 4,1,Cloud 1,661,406,11,98
1057,Service 0,1,Cloud 1,236,169,20,32
1058,Service 7,0,Cloud 0,6,869,81,58
1059,Service 3,0,Cloud 0,589,455,21,26
1060,Service 4,0,Cloud 0,658,44,15,80
1061,Service 5,2,Cloud 2,137,211,3,5
1062,Service 7,0,Cloud 0,942,195,31,23
1063,Service 8,0,Cloud 0,954,561,43,75
1064,Service 8,1,Cloud 1,386,244,46,91
1065,Service 1,2,Cloud 2,142,448,54,20
1066,Service 4,1,Cloud 1,274,83,78,44
1067,Service 0,0,Cloud 0,695,969,83,59
1068,Service 0,2,Cloud 2,85,270,44,17
1069,Service 6,0,Cloud 0,685,221,99,67
1070,Service 4,2,Cloud 2,634,672,94,36
1071,Service 8,2,Cloud 2,540,398,81,73
1072,Service 2,0,Cloud 0,362,171,69,48
1073,Service 3,2,Cloud 2,210,552,86,36
1074,Service 5,1,Cloud 1,941,694,56,19
1075,Service 2,2,Cloud 2,735,280,97,31
1076,Service 3,0,Cloud 0,688,750,77,7
1077,Service 4,0,Cloud 0,311,266,96,22
1078,Service 0,0,Cloud 0,151,988,28,48
1079,Service 2,2,Cloud 2,106,772,79,29
1080,Service 2,0,Cloud 0,631,973,49,54
1081,Service 7,0,Cloud 0,885,390,8,2
1082,Service 9,0,Cloud 0,322,434,89,25
1083,Service 1,1,Cloud 1,347,973,10,60
1084,Service 8,1,Cloud 1,755,455,10,49
1085,Service 3,2,Cloud 2,105,892,87,74
1086,Service 3,0,Cloud 0,935,812,46,18
1087,Service 6,0,Cloud 0,63,62,49,98
1088,Service 3,2,Cloud 2,954,213,18,22
1089,Service 0,1,Cloud 1,591,527,67,55
1090,Service 6,2,Cloud 2,268,782,64,52
1091,Service 1,2,Cloud 2,244,447,93,29
1092,Service 7,2,Cloud 2,930,886,91,89
1093,Service 3,0,Cloud 0,889,264,14,49
1094,Service 6,0,Cloud 0,152,923,71,44
1095,Service 6,0,Cloud 0,761,265,55,6
1096,Service 3,0,Cloud 0,171,414,86,7
1097,Service 5,0,Cloud 0,58,14,48,25
1098,Service 5,0,Cloud 0,140,678,20,48
1099,Service 4,2,Cloud 2,131,122,87,63
1100,Service 0,1,Cloud 1,671,530,67,16
1101,Service 6,0,Cloud 0,668,377,59,69
1102,Service 6,2,Cloud 2,274,24,98,1
1103,Service 1,0,Cloud 0,397,667,88,67
1104,Service 6,1,Cloud 1,130,556,59,48
1105,Service 0,1,Cloud 1,667,300,1,91
1106,Service 7,0,Cloud 0,346,384,56,83
1107,Service 8,2,Cloud 2,867,550,85,93
1108,Service 7,2,Cloud 2,459,144,49,3
1109,Service 8,1,Cloud 1,388,789,55,95
1110,Service 6,1,Cloud 1,208,78,62,95
1111,Service 4,2,Cloud 2,706,255,30,83
1112,Service 7,1,Cloud 1,299,834,79,85
1113,Service 0,0,Cloud 0,669,271,72,62
1114,Service 2,0,Cloud 0,35,169,9,82
1115,Service 4,1,Cloud 1,758,787,21,84
1116,Service 7,1,Cloud 1,918,243,49,62
1117,Service 6,0,Cloud 0,926,157,33,50
1118,Service 6,0,Cloud 0,975,592,93,77
1119,Service 2,2,Cloud 2,996,482,67,94
1120,Service 7,1,Cloud 1,614,615,42,62
1121,Service 8,1,Cloud 1,861,85,11,48
1122,Service 7,2,Cloud 2,394,174,94,11
1123,Service 9,2,Cloud 2,772,704,18,97
1124,Service 0,0,Cloud 0,628,823,56,89
1125,Service 8,0,Cloud 0,789,240,87,65
1126,Service 5,2,Cloud 2,50,499,65,61
1127,Service 1,1,Cloud 1,157,861,0,71
1128,Service 7,1,Cloud 1,153,46,97,68
1129,Service 8,2,Cloud 2,781,424,58,49
1130,Service 7,2,Cloud 2,954,291,60,86
1131,Service 6,0,Cloud 0,116,518,58,29
1132,Service 3,2,Cloud 2,360,120,85,23
1133,Service 2,0,Cloud 0,323,624,18,28
1134,Service 1,1,Cloud 1,189,815,77,33
1135,Service 4,0,Cloud 0,38,463,89,70
1136,Service 1,2,Cloud 2,243,548,7,53
1137,Service 0,2,Cloud 2,421,572,38,14
1138,Service 7,1,Cloud 1,650,923,24,39
1139,Service 1,0,Cloud 0,437,771,69,87
1140,Service 5,1,Cloud 1,303,345,83,42
1141,Service 4,1,Cloud 1,600,468,5,42
1142,Service 4,1,Cloud 1,717,246,26,73
1143,Service 8,2,Cloud 2,23,807,54,20
1144,Service 1,0,Cloud 0,62,793,52,19
1145,Service 9,1,Cloud 1,301,545,2,12
1146,Service 5,2,Cloud 2,597,583,71,2
1147,Service 1,2,Cloud 2,364,594,90,30
1148,Service 0,1,Cloud 1,438,176,3,1
1149,Service 6,2,Cloud 2,306,756,25,22
1150,Service 7,2,Cloud 2,236,75,49,1
1151,Service 0,2,Cloud 2,355,689,19,47
1152,Service 1,1,Cloud 1,813,311,5,2
1153,Service 5,0,Cloud 0,862,153,18,26
1154,Service 2,0,Cloud 0,916,268,51,86
1155,Service 0,2,Cloud 2,317,343,28,80
1156,Service 7,1,Cloud 1,131,868,23,84
1157,Service 8,1,Cloud 1,545,244,83,51
1158,Service 3,0,Cloud 0,585,249,69,57
1159,Service 6,1,Cloud 1,481,55,73,98
1160,Service 4,1,Cloud 1,199,838,45,96
1161,Service 3,2,Cloud 2,369,532,32,83
1162,Service 3,2,Cloud 2,686,622,43,59
1163,Service 8,1,Cloud 1,764,84,50,4
1164,Service 4,2,Cloud 2,444,619,18,95
1165,Service 4,2,Cloud 2,716,396,35,28
1166,Service 7,0,Cloud 0,868,89,19,36
1167,Service 6,1,Cloud 1,527,263,25,32
1168,Service 7,0,Cloud 0,21,50,14,42
1169,Service 4,2,Cloud 2,437,693,49,90
1170,Service 2,0,Cloud 0,369,182,41,73
1171,Service 5,1,Cloud 1,25,331,88,58
1172,Service 5,1,Cloud 1,473,572,36,62
1173,Service 6,2,Cloud 2,147,186,18,60
1174,Service 7,0,Cloud 0,999,570,79,42
1175,Service 3,2,Cloud 2,807,373,11,7
1176,Service 2,2,Cloud 2,955,109,79,65
1177,Service 6,0,Cloud 0,186,136,87,48
1178,Service 3,2,Cloud 2,873,76,23,71
1179,Service 8,1,Cloud 1,648,187,98,1
1180,Service 0,1,Cloud 1,103,231,23,41
1181,Service 1,0,Cloud 0,466,360,34,74
1182,Service 8,1,Cloud 1,8,352,92,95
1183,Service 0,2,Cloud 2,259,124,2,89
1184,Service 8,2,Cloud 2,632,567,25,2
1185,Service 6,1,Cloud 1,263,971,62,69
1186,Service 0,2,Cloud 2,267,951,30,5
1187,Service 3,1,Cloud 1,649,532,84,67
1188,Service 9,0,Cloud 0,870,722,98,19
1189,Service 2,2,Cloud 2,137,76,57,31
1190,Service 5,1,Cloud 1,163,212,11,89
1191,Service 4,0,Cloud 0,178,383,95,66
1192,Service 0,1,Cloud 1,970,959,58,71
1193,Service 3,1,Cloud 1,169,787,3,33
1194,Service 7,1,Cloud 1,444,275,39,24
1195,Service 6,1,Cloud 1,689,695,54,34
1196,Service 1,0,Cloud 0,415,536,23,45
1197,Service 8,1,Cloud 1,333,916,14,6
1198,Service 7,0,Cloud 0,577,553,92,69
1199,Service 8,1,Cloud 1,174,133,15,82
1200,Service 8,2,Cloud 2,187,781,4,89
1201,Service 9,0,Cloud 0,696,422,52,82
1202,Service 8,0,Cloud 0,932,931,48,12
1203,Service 4,2,Cloud 2,677,296,48,25
1204,Service 9,2,Cloud 2,916,766,53,29
1205,Service 0,1,Cloud 1,365,259,65,86
1206,Service 8,0,Cloud 0,952,287,9,65
1207,Service 5,1,Cloud 1,942,55,85,38
1208,Service 4,2,Cloud 2,693,686,36,43
1209,Service 3,1,Cloud 1,542,705,96,96
1210,Service 4,0,Cloud 0,671,163,81,4
1211,Service 9,0,Cloud 0,973,278,23,88
1212,Service 4,1,Cloud 1,814,578,66,84
1213,Service 7,1,Cloud 1,549,59,82,77
1214,Service 6,2,Cloud 2,567,3,49,78
1215,Service 3,0,Cloud 0,921,990,15,15
1216,Service 2,1,Cloud 1,546,123,47,89
1217,Service 7,2,Cloud 2,590,454,2,15
1218,Service 8,1,Cloud 1,528,879,19,16
1219,Service 0,1,Cloud 1,721,849,36,32
1220,Service 1,0,Cloud 0,128,478,53,16
1221,Service 5,0,Cloud 0,252,659,55,15
1222,Service 4,0,Cloud 0,866,73,6,17
1223,Service 3,0,Cloud 0,536,540,88,45
1224,Service 2,2,Cloud 2,177,724,8,57
1225,Service 5,1,Cloud 1,963,185,74,87
1226,Service 4,1,Cloud 1,544,53,60,13
1227,Service 8,2,Cloud 2,748,972,75,76
1228,Service 3,0,Cloud 0,894,656,93,61
1229,Service 7,2,Cloud 2,698,246,93,51
1230,Service 5,1,Cloud 1,966,165,57,22
1231,Service 9,1,Cloud 1,544,121,77,72
1232,Service 1,1,Cloud 1,245,930,56,76
1233,Service 9,0,Cloud 0,467,425,24,39
1234,Service 7,0,Cloud 0,959,24,15,36
1235,Service 1,0,Cloud 0,894,608,54,69
1236,Service 6,1,Cloud 1,662,175,83,37
1237,Service 2,0,Cloud 0,611,124,44,13
1238,Service 8,2,Cloud 2,946,130,51,11
1239,Service 9,1,Cloud 1,197,724,44,97
1240,Service 5,1,Cloud 1,569,385,62,7
1241,Service 9,2,Cloud 2,481,698,15,29
1242,Service 9,2,Cloud 2,615,634,18,21
1243,Service 0,1,Cloud 1,639,517,46,33
1244,Service 9,0,Cloud 0,987,377,76,14
1245,Service 9,1,Cloud 1,636,213,81,56
1246,Service 8,0,Cloud 0,134,985,22,24
1247,Service 9,2,Cloud 2,603,791,15,22
1248,Service 8,2,Cloud 2,714,13,90,9
1249,Service 0,2,Cloud 2,236,103,15,17
1250,Service 4,1,Cloud 1,770,719,37,34
1251,Service 6,1,Cloud 1,396,803,39,37
1252,Service 6,0,Cloud 0,818,412,33,55
1253,Service 4,2,Cloud 2,690,832,30,47
1254,Service 3,0,Cloud 0,819,731,46,40
1255,Service 1,1,Cloud 1,649,976,74,34
1256,Service 2,1,Cloud 1,645,226,53,27
1257,Service 0,2,Cloud 2,463,318,45,96
1258,Service 3,0,Cloud 0,538,900,75,23
1259,Service 8,1,Cloud 1,23,463,1,67
1260,Service 7,1,Cloud 1,288,930,21,22
1261,Service 0,2,Cloud 2,295,68,31,95
1262,Service 6,2,Cloud 2,148,157,37,7
1263,Service 7,2,Cloud 2,371,368,0,64
1264,Service 6,2,Cloud 2,920,897,54,50
1265,Service 9,2,Cloud 2,567,631,48,66
1266,Service 8,0,Cloud 0,870,253,89,57
1267,Service 0,0,Cloud 0,441,220,60,20
1268,Service 3,1,Cloud 1,732,646,94,62
1269,Service 1,1,Cloud 1,142,281,55,0
1270,Service 8,0,Cloud 0,564,753,96,34
1271,Service 0,2,Cloud 2,968,663,24,91
1272,Service 5,1,Cloud 1,157,481,62,21
1273,Service 7,1,Cloud 1,465,317,19,29
1274,Service 0,2,Cloud 2,371,624,47,98
1275,Service 9,1,Cloud 1,824,316,72,96
1276,Service 4,0,Cloud 0,675,478,14,46
1277,Service 9,1,Cloud 1,397,489,3,13
1278,Service 1,2,Cloud 2,976,514,29,71
1279,Service 9,0,Cloud 0,555,365,26,94
1280,Service 1,1,Cloud 1,70,488,94,32
1281,Service 1,1,Cloud 1,626,434,81,15
1282,Service 0,2,Cloud 2,236,316,35,68
1283,Service 3,2,Cloud 2,941,339,82,83
1284,Service 8,1,Cloud 1,247,527,99,22
1285,Service 9,0,Cloud 0,458,413,34,88
1286,Service 1,0,Cloud 0,619,449,94,6
1287,Service 3,1,Cloud 1,5,165,62,56
1288,Service 7,0,Cloud 0,289,200,62,56
1289,Service 2,0,Cloud 0,287,241,49,98
1290,Service 8,2,Cloud 2,960,635,19,26
1291,Service 5,1,Cloud 1,198,892,53,23
1292,Service 3,2,Cloud 2,250,991,48,93
1293,Service 3,2,Cloud 2,265,618,45,46
1294,Service 9,2,Cloud 2,396,835,63,9
1295,Service 8,0,Cloud 0,161,127,17,74
1296,Service 7,2,Cloud 2,84,811,2,81
1297,Service 1,1,Cloud 1,532,753,21,46
1298,Service 3,1,Cloud 1,317,800,64,41
1299,Service 0,0,Cloud 0,424,502,30,93
1300,Service 5,2,Cloud 2,445,562,40,83
1301,Service 6,1,Cloud 1,601,72,16,0
1302,Service 0,1,Cloud 1,524,241,29,18
1303,Service 9,2,Cloud 2,500,182,76,46
1304,Service 2,0,Cloud 0,419,514,66,90
1305,Service 4,2,Cloud 2,836,782,29,1
1306,Service 8,1,Cloud 1,330,131,85,37
1307,Service 2,1,Cloud 1,326,153,40,39
1308,Service 9,0,Cloud 0,893,124,98,57
1309,Service 6,2,Cloud 2,53,681,58,24
1310,Service 8,2,Cloud 2,707,934,51,31
1311,Service 6,0,Cloud 0,998,226,32,66
1312,Service 7,2,Cloud 2,569,642,16,57
1313,Service 1,1,Cloud 1,858,13,91,39
1314,Service 6,2,Cloud 2,909,851,39,98
1315,Service 8,0,Cloud 0,623,750,51,14
1316,Service 6,0,Cloud 0,981,809,77,82
1317,Service 8,1,Cloud 1,323,573,78,15
1318,Service 1,1,Cloud 1,44,890,7,24
1319,Service 9,2,Cloud 2,467,792,68,16
1320,Service 4,1,Cloud 1,638,599,76,98
1321,Service 2,2,Cloud 2,644,51,89,49
1322,Service 6,0,Cloud 0,337,80,49,60
1323,Service 1,1,Cloud 1,473,127,82,43
1324,Service 3,1,Cloud 1,654,543,18,2
1325,Service 3,0,Cloud 0,517,291,35,20
1326,Service 8,0,Cloud 0,913,558,93,87
1327,Service 3,0,Cloud 0,666,151,61,70
1328,Service 6,2,Cloud 2,362,971,96,20
1329,Service 4,0,Cloud 0,40,815,62,24
1330,Service 1,0,Cloud 0,190,462,13,0
1331,Service 8,1,Cloud 1,425,986,79,94
1332,Service 0,1,Cloud 1,323,535,7,98
1333,Service 2,0,Cloud 0,645,38,38,80
1334,Service 0,2,Cloud 2,157,556,72,7
1335,Service 3,0,Cloud 0,562,284,72,44
1336,Service 6,2,Cloud 2,364,532,81,77
1337,Service 7,0,Cloud 0,699,564,16,38
1338,Service 6,1,Cloud 1,490,968,4,65
1339,Service 0,2,Cloud 2,352,803,92,64
1340,Service 8,2,Cloud 2,816,701,61,67
1341,Service 2,0,Cloud 0,586,599,31,78
1342,Service 6,2,Cloud 2,427,828,4,84
1343,Service 2,2,Cloud 2,689,990,39,91
1344,Service 3,0,Cloud 0,665,518,37,30
1345,Service 9,1,Cloud 1,32,443,95,55
1346,Service 4,0,Cloud 0,81,82,9,32
1347,Service 0,1,Cloud 1,891,177,3,26
1348,Service 1,1,Cloud 1,223,307,38,11
1349,Service 9,0,Cloud 0,900,422,33,46
1350,Service 7,2,Cloud 2,997,211,84,22
1351,Service 2,0,Cloud 0,69,471,36,82
1352,Service 6,2,Cloud 2,925,599,88,41
1353,Service 0,1,Cloud 1,80,630,14,90
1354,Service 0,0,Cloud 0,827,644,56,21
1355,Service 5,0,Cloud 0,19,748,61,12
1356,Service 3,0,Cloud 0,808,46,99,89
1357,Service 1,2,Cloud 2,327,863,51,34
1358,Service 6,1,Cloud 1,576,19,41,92
1359,Service 3,0,Cloud 0,814,850,16,5
1360,Service 6,0,Cloud 0,51,500,24,41
1361,Service 2,1,Cloud 1,475,313,4,50
1362,Service 4,0,Cloud 0,157,82,75,66
1363,Service 2,2,Cloud 2,719,316,58,18
1364,Service 0,2,Cloud 2,658,606,80,49
1365,Service 2,2,Cloud 2,308,642,26,2
1366,Service 4,2,Cloud 2,728,79,12,52
1367,Service 1,0,Cloud 0,126,534,46,94
1368,Service 1,0,Cloud 0,655,56,77,3
1369,Service 7,1,Cloud 1,452,471,38,50
1370,Service 7,1,Cloud 1,717,668,26,51
1371,Service 4,2,Cloud 2,425,894,20,13
1372,Service 7,0,Cloud 0,764,590,3,28
1373,Service 4,1,Cloud 1,89,192,32,35
1374,Service 7,0,Cloud 0,210,537,32,19
1375,Service 4,2,Cloud 2,956,348,78,48
1376,Service 3,1,Cloud 1,632,862,51,80
1377,Service 3,0,Cloud 0,33,454,29,2
1378,Service 8,0,Cloud 0,419,418,5,1
1379,Service 3,0,Cloud 0,383,389,77,51
1380,Service 1,0,Cloud 0,235,96,66,8
1381,Service 6,0,Cloud 0,250,975,91,17
1382,Service 5,1,Cloud 1,655,573,98,15
1383,Service 6,0,Cloud 0,713,917,33,53
1384,Service 3,2,Cloud 2,458,905,9,5
1385,Service 0,1,Cloud 1,850,857,60,80
1386,Service 9,0,Cloud 0,277,372,34,20
1387,Service 0,0,Cloud 0,677,506,42,1
1388,Service 7,1,Cloud 1,244,394,81,9
1389,Service 1,0,Cloud 0,665,897,69,18
1390,Service 3,0,Cloud 0,622,157,15,56
1391,Service 5,0,Cloud 0,781,48,20,29
1392,Service 9,2,Cloud 2,488,366,49,87
1393,Service 4,1,Cloud 1,375,32,34,50
1394,Service 0,2,Cloud 2,926,32,67,79
1395,Service 3,2,Cloud 2,756,584,86,17
1396,Service 8,2,Cloud 2,463,520,47,44
1397,Service 3,1,Cloud 1,423,35,17,68
1398,Service 6,0,Cloud 0,260,167,78,23
1399,Service 1,0,Cloud 0,830,281,55,30
1400,Service 0,0,Cloud 0,747,106,91,10
1401,Service 1,1,Cloud 1,751,619,99,64
1402,Service 1,0,Cloud 0,959,902,16,38
1403,Service 8,2,Cloud 2,329,752,10,70
1404,Service 7,1,Cloud 1,145,971,0,26
1405,Service 4,0,Cloud 0,575,907,41,28
1406,Service 5,2,Cloud 2,239,513,55,58
1407,Service 7,1,Cloud 1,51,269,9,13
1408,Service 4,2,Cloud 2,782,668,49,36
1409,Service 4,0,Cloud 0,329,645,33,69
1410,Service 4,2,Cloud 2,859,750,19,58
1411,Service 1,1,Cloud 1,851,547,84,17
1412,Service 4,2,Cloud 2,230,773,99,33
1413,Service 1,0,Cloud 0,641,48,85,14
1414,Service 3,0,Cloud 0,79,78,81,68
1415,Service 0,0,Cloud 0,846,905,10,74
1416,Service 6,2,Cloud 2,129,853,0,85
1417,Service 2,0,Cloud 0,236,933,96,74
1418,Service 4,0,Cloud 0,147,338,54,59
1419,Service 7,2,Cloud 2,335,7,21,53
1420,Service 3,0,Cloud 0,447,41,9,46
1421,Service 0,0,Cloud 0,654,130,65,7
1422,Service 1,2,Cloud 2,289,636,86,80
1423,Service 2,1,Cloud 1,624,119,22,81
1424,Service 7,1,Cloud 1,484,300,3,21
1425,Service 6,2,Cloud 2,138,917,51,73
1426,Service 2,1,Cloud 1,813,136,72,93
1427,Service 1,0,Cloud 0,376,488,39,47
1428,Service 0,0,Cloud 0,911,466,24,39
1429,Service 9,1,Cloud 1,522,221,71,37
1430,Service 7,1,Cloud 1,803,621,38,36
1431,Service 9,1,Cloud 1,463,769,59,8
1432,Service 4,0,Cloud 0,351,895,67,81
1433,Service 1,2,Cloud 2,268,87,15,4
1434,Service 2,0,Cloud 0,298,890,73,33
1435,Service 3,2,Cloud 2,824,95,23,52
1436,Service 6,2,Cloud 2,771,988,53,96
1437,Service 4,2,Cloud 2,975,311,91,41
1438,Service 6,2,Cloud 2,185,846,20,37
1439,Service 5,1,Cloud 1,658,645,6,49
1440,Service 6,0,Cloud 0,613,730,74,77
1441,Service 9,2,Cloud 2,957,121,13,97
1442,Service 8,2,Cloud 2,206,736,55,15
1443,Service 8,0,Cloud 0,885,388,63,99
1444,Service 1,1,Cloud 1,964,619,99,64
1445,Service 2,1,Cloud 1,184,704,33,89
1446,Service 2,2,Cloud 2,715,230,45,53
1447,Service 7,2,Cloud 2,720,55,50,94
1448,Service 7,2,Cloud 2,373,103,68,46
1449,Service 7,0,Cloud 0,636,974,62,18
1450,Service 1,2,Cloud 2,314,963,69,54
1451,Service 2,2,Cloud 2,963,868,95,81
1452,Service 9,2,Cloud 2,273,432,21,43
1453,Service 4,2,Cloud 2,209,454,93,62
1454,Service 4,1,Cloud 1,816,496,19,52
1455,Service 9,2,Cloud 2,21,92,38,44
1456,Service 9,0,Cloud 0,226,29,74,11
1457,Service 1,1,Cloud 1,894,422,51,26
1458,Service 7,1,Cloud 1,264,418,68,5
1459,Service 3,1,Cloud 1,534,382,8,34
1460,Service 4,2,Cloud 2,677,764,87,16
1461,Service 7,2,Cloud 2,503,893,44,29
1462,Service 8,2,Cloud 2,382,468,49,90
1463,Service 1,0,Cloud 0,205,306,77,8
1464,Service 2,2,Cloud 2,888,332,12,67
1465,Service 7,2,Cloud 2,647,145,66,15
1466,Service 7,0,Cloud 0,961,20,51,49
1467,Service 5,0,Cloud 0,454,818,16,42
1468,Service 9,0,Cloud 0,417,43,14,34
1469,Service 5,2,Cloud 2,368,902,88,83
1470,Service 5,2,Cloud 2,68,380,53,4
1471,Service 8,2,Cloud 2,733,720,12,40
1472,Service 0,1,Cloud 1,707,689,55,29
1473,Service 1,0,Cloud 0,854,721,73,2
1474,Service 8,2,Cloud 2,410,506,58,27
1475,Service 1,0,Cloud 0,949,74,89,3
1476,Service 6,1,Cloud 1,474,916,58,1
1477,Service 5,1,Cloud 1,538,289,32,51
1478,Service 1,1,Cloud 1,267,809,71,58
1479,Service 2,0,Cloud 0,572,333,24,67
1480,Service 2,0,Cloud 0,575,144,24,42
1481,Service 4,0,Cloud 0,982,812,67,24
1482,Service 4,0,Cloud 0,95,272,43,28
1483,Service 4,0,Cloud 0,290,81,8,7
1484,Service 4,0,Cloud 0,578,232,76,4
1485,Service 1,0,Cloud 0,952,230,72,78
1486,Service 2,0,Cloud 0,158,292,5,11
1487,Service 6,1,Cloud 1,944,594,17,72
1488,Service 7,1,Cloud 1,977,134,25,13
1489,Service 0,2,Cloud 2,220,491,94,82
1490,Service 9,2,Cloud 2,412,213,12,49
1491,Service 8,2,Cloud 2,615,368,99,26
1492,Service 9,0,Cloud 0,303,232,45,73
1493,Service 7,0,Cloud 0,759,400,28,61
1494,Service 1,2,Cloud 2,978,694,74,27
1495,Service 5,1,Cloud 1,464,215,16,62
1496,Service 1,1,Cloud 1,130,818,87,87
1497,Service 2,1,Cloud 1,492,978,23,85
1498,Service 7,2,Cloud 2,310,770,9,35
1499,Service 2,0,Cloud 0,333,128,30,42
1500,Service 0,0,Cloud 0,576,871,75,86
1501,Service 0,1,Cloud 1,278,136,60,58
1502,Service 3,0,Cloud 0,851,888,35,83
1503,Service 8,2,Cloud 2,333,746,55,74
1504,Service 7,1,Cloud 1,161,367,35,3
1505,Service 5,2,Cloud 2,709,827,84,67
1506,Service 6,0,Cloud 0,390,739,79,44
1507,Service 8,2,Cloud 2,135,708,3,45
1508,Service 2,0,Cloud 0,428,974,60,33
1509,Service 4,2,Cloud 2,285,22,12,43
1510,Service 1,1,Cloud 1,33,919,6,30
1511,Service 4,2,Cloud 2,650,2,14,59
1512,Service 0,2,Cloud 2,368,543,92,79
1513,Service 7,1,Cloud 1,284,129,73,12
1514,Service 8,2,Cloud 2,181,99,26,85
1515,Service 2,1,Cloud 1,252,263,27,14
1516,Service 0,2,Cloud 2,513,66,95,81
1517,Service 2,1,Cloud 1,702,281,28,0
1518,Service 4,0,Cloud 0,609,362,71,60
1519,Service 4,2,Cloud 2,45,298,44,98
1520,Service 7,2,Cloud 2,634,382,32,43
1521,Service 7,2,Cloud 2,903,91,75,78
1522,Service 3,1,Cloud 1,909,325,87,74
1523,Service 6,0,Cloud 0,854,897,43,85
1524,Service 2,1,Cloud 1,669,538,68,42
1525,Service 4,0,Cloud 0,44,70,2,17
1526,Service 9,0,Cloud 0,805,380,29,38
1527,Service 1,1,Cloud 1,640,849,24,95
1528,Service 5,2,Cloud 2,712,168,33,26
1529,Service 9,1,Cloud 1,934,203,23,72
1530,Service 3,1,Cloud 1,283,216,32,86
1531,Service 3,2,Cloud 2,175,887,74,0
1532,Service 6,0,Cloud 0,263,555,70,51
1533,Service 8,2,Cloud 2,248,420,90,73
1534,Service 0,2,Cloud 2,193,704,18,48
1535,Service 1,0,Cloud 0,276,568,2,72
1536,Service 1,0,Cloud 0,288,312,61,13
1537,Service 9,0,Cloud 0,515,963,61,9
1538,Service 0,0,Cloud 0,473,224,91,41
1539,Service 2,2,Cloud 2,622,378,79,24
1540,Service 0,0,Cloud 0,857,987,87,79
1541,Service 5,1,Cloud 1,923,233,35,53
1542,Service 4,1,Cloud 1,674,633,81,34
1543,Service 0,1,Cloud 1,966,579,44,62
1544,Service 8,2,Cloud 2,708,362,49,58
1545,Service 6,1,Cloud 1,922,490,12,17
1546,Service 0,2,Cloud 2,118,636,59,49
1547,Service 8,2,Cloud 2,493,120,93,80
1548,Service 3,0,Cloud 0,884,806,22,98
1549,Service 5,2,Cloud 2,382,410,93,27
1550,Service 1,0,Cloud 0,923,426,90,82
1551,Service 9,1,Cloud 1,301,550,26,87
1552,Service 7,2,Cloud 2,521,373,78,89
1553,Service 5,2,Cloud 2,59,774,22,12
1554,Service 6,1,Cloud 1,649,692,62,65
1555,Service 3,2,Cloud 2,812,182,37,46
1556,Service 2,2,Cloud 2,15,591,87,68
1557,Service 6,1,Cloud 1,479,624,23,10
1558,Service 4,2,Cloud 2,664,596,67,45
1559,Service 3,2,Cloud 2,986,698,22,81
1560,Service 7,0,Cloud 0,272,678,52,80
1561,Service 5,1,Cloud 1,288,142,62,70
1562,Service 3,2,Cloud 2,904,187,43,14
1563,Service 9,2,Cloud 2,492,415,19,98
1564,Service 1,2,Cloud 2,890,132,6,30
1565,Service 9,1,Cloud 1,448,789,95,33
1566,Service 9,1,Cloud 1,879,949,59,17
1567,Service 5,2,Cloud 2,755,37,9,82
1568,Service 6,2,Cloud 2,255,551,82,95
1569,Service 8,2,Cloud 2,754,73,66,72
1570,Service 3,1,Cloud 1,209,219,73,74
1571,Service 9,0,Cloud 0,24,954,18,58
1572,Service 7,1,Cloud 1,812,901,41,47
1573,Service 9,1,Cloud 1,320,795,61,35
1574,Service 8,2,Cloud 2,19,622,50,5
1575,Service 5,0,Cloud 0,233,217,86,31
1576,Service 7,1,Cloud 1,816,23,84,85
1577,Service 8,0,Cloud 0,101,68,15,99
1578,Service 8,0,Cloud 0,367,336,80,62
1579,Service 8,1,Cloud 1,958,592,90,40
1580,Service 5,2,Cloud 2,925,523,5,75
1581,Service 3,2,Cloud 2,484,951,74,51
1582,Service 4,1,Cloud 1,62,476,53,72
1583,Service 7,1,Cloud 1,845,863,22,60
1584,Service 8,0,Cloud 0,898,432,46,87
1585,Service 7,2,Cloud 2,321,908,30,31
1586,Service 5,2,Cloud 2,62,41,65,11
1587,Service 0,2,Cloud 2,312,623,20,73
1588,Service 8,2,Cloud 2,117,421,65,7
1589,Service 8,0,Cloud 0,946,702,89,39
1590,Service 5,0,Cloud 0,462,16,72,5
1591,Service 6,1,Cloud 1,110,759,17,55
1592,Service 4,1,Cloud 1,630,186,54,19
1593,Service 5,2,Cloud 2,123,691,0,69
1594,Service 4,1,Cloud 1,712,661,46,84
1595,Service 2,1,Cloud 1,155,162,59,88
1596,Service 6,0,Cloud 0,11,583,4,20
1597,Service 9,0,Cloud 0,307,939,60,94
1598,Service 8,0,Cloud 0,657,398,88,79
1599,Service 4,2,Cloud 2,826,453,56,66
1600,Service 7,0,Cloud 0,848,649,34,40
1601,Service 3,0,Cloud 0,593,36,53,99
1602,Service 3,1,Cloud 1,307,82,71,59
1603,Service 4,2,Cloud 2,532,109,96,63
1604,Service 9,2,Cloud 2,423,271,41,38
1605,Service 7,2,Cloud 2,987,441,44,56
1606,Service 4,0,Cloud 0,574,964,63,91
1607,Service 9,0,Cloud 0,884,119,46,86
1608,Service 6,1,Cloud 1,875,110,25,75
1609,Service 9,0,Cloud 0,127,880,44,84
1610,Service 7,2,Cloud 2,925,182,24,26
1611,Service 0,1,Cloud 1,761,866,14,88
1612,Service 7,0,Cloud 0,494,897,64,9
1613,Service 6,0,Cloud 0,93,959,69,69
1614,Service 6,1,Cloud 1,991,731,65,40
1615,Service 3,0,Cloud 0,600,127,16,4
1616,Service 8,2,Cloud 2,724,635,76,57
1617,Service 7,2,Cloud 2,803,727,1,96
1618,Service 1,2,Cloud 2,808,486,16,79
1619,Service 9,1,Cloud 1,56,232,60,64
1620,Service 8,0,Cloud 0,689,104,57,55
1621,Service 0,1,Cloud 1,693,329,27,18
1622,Service 4,2,Cloud 2,113,325,98,25
1623,Service 8,2,Cloud 2,689,978,26,96
1624,Service 8,2,Cloud 2,515,438,8,77
1625,Service 4,0,Cloud 0,180,115,75,37
1626,Service 5,0,Cloud 0,155,226,95,18
1627,Service 4,0,Cloud 0,951,537,34,57
1628,Service 0,0,Cloud 0,703,71,84,34
1629,Service 2,2,Cloud 2,849,425,72,25
1630,Service 1,0,Cloud 0,240,607,71,22
1631,Service 8,0,Cloud 0,71,362,65,24
1632,Service 6,2,Cloud 2,626,735,53,65
1633,Service 3,0,Cloud 0,254,167,74,39
1634,Service 0,1,Cloud 1,133,339,9,19
1635,Service 6,2,Cloud 2,342,427,7,16
1636,Service 7,2,Cloud 2,211,240,77,44
1637,Service 6,0,Cloud 0,781,44,68,24
1638,Service 1,0,Cloud 0,620,312,94,11
1639,Service 8,1,Cloud 1,717,493,18,22
1640,Service 7,1,Cloud 1,605,975,59,45
1641,Service 4,0,Cloud 0,497,553,94,2
1642,Service 0,0,Cloud 0,865,484,70,89
1643,Service 3,2,Cloud 2,794,452,1,12
1644,Service 5,1,Cloud 1,541,398,27,95
1645,Service 2,1,Cloud 1,485,26,69,66
1646,Service 3,0,Cloud 0,227,188,83,72
1647,Service 6,0,Cloud 0,162,673,3,98
1648,Service 9,0,Cloud 0,2,13,88,52
1649,Service 1,1,Cloud 1,625,593,86,49
1650,Service 9,0,Cloud 0,448,226,80,19
1651,Service 2,1,Cloud 1,410,170,58,31
1652,Service 7,1,Cloud 1,607,955,46,26
1653,Service 8,2,Cloud 2,603,501,96,32
1654,Service 3,0,Cloud 0,691,597,53,63
1655,Service 5,0,Cloud 0,802,357,81,13
1656,Service 9,1,Cloud 1,462,361,68,21
1657,Service 9,1,Cloud 1,668,412,75,53
1658,Service 4,0,Cloud 0,855,159,69,74
1659,Service 5,0,Cloud 0,596,482,85,95
1660,Service 8,0,Cloud 0,663,873,74,10
1661,Service 1,2,Cloud 2,640,794,31,56
1662,Service 4,0,Cloud 0,591,915,41,87
1663,Service 8,0,Cloud 0,805,939,20,31
1664,Service 9,2,Cloud 2,827,106,58,9
1665,Service 9,0,Cloud 0,997,606,34,25
1666,Service 7,0,Cloud 0,806,920,41,62
1667,Service 4,0,Cloud 0,871,542,25,15
1668,Service 3,0,Cloud 0,677,184,10,18
1669,Service 1,0,Cloud 0,547,461,19,19
1670,Service 6,2,Cloud 2,26,53,65,57
1671,Service 3,0,Cloud 0,236,244,11,89
1672,Service 3,1,Cloud 1,230,388,83,82
1673,Service 1,0,Cloud 0,755,571,74,0
1674,Service 0,2,Cloud 2,722,894,8,55
1675,Service 5,2,Cloud 2,564,615,94,0
1676,Service 0,1,Cloud 1,907,216,75,22
1677,Service 8,0,Cloud 0,459,560,81,57
1678,Service 6,2,Cloud 2,341,717,5,13
1679,Service 3,1,Cloud 1,678,284,54,14
1680,Service 4,2,Cloud 2,842,154,32,44
1681,Service 9,1,Cloud 1,375,285,77,99
1682,Service 1,2,Cloud 2,911,998,14,55
1683,Service 3,0,Cloud 0,453,912,89,2
1684,Service 0,2,Cloud 2,431,511,65,17
1685,Service 1,0,Cloud 0,914,359,80,28
1686,Service 8,2,Cloud 2,414,131,58,0
1687,Service 5,1,Cloud 1,665,570,1,79
1688,Service 4,0,Cloud 0,797,535,79,0
1689,Service 0,0,Cloud 0,398,949,36,41
1690,Service 0,2,Cloud 2,811,723,89,1
1691,Service 5,2,Cloud 2,830,104,68,8
1692,Service 1,2,Cloud 2,340,865,43,47
1693,Service 1,0,Cloud 0,288,413,74,36
1694,Service 7,2,Cloud 2,104,119,26,26
1695,Service 9,1,Cloud 1,452,51,96,23
1696,Service 7,2,Cloud 2,567,773,23,71
1697,Service 0,0,Cloud 0,354,111,85,80
1698,Service 2,1,Cloud 1,543,964,24,72
1699,Service 4,0,Cloud 0,671,70,28,86
1700,Service 7,2,Cloud 2,297,566,11,69
1701,Service 6,0,Cloud 0,916,372,76,8
1702,Service 4,2,Cloud 2,456,58,33,22
1703,Service 7,1,Cloud 1,924,253,3,66
1704,Service 4,2,Cloud 2,244,209,75,97
1705,Service 7,0,Cloud 0,842,278,97,98
1706,Service 6,2,Cloud 2,342,236,12,87
1707,Service 0,2,Cloud 2,139,778,26,9
1708,Service 0,2,Cloud 2,257,340,12,68
1709,Service 5,1,Cloud 1,72,260,25,84
1710,Service 0,2,Cloud 2,699,165,38,7
1711,Service 5,2,Cloud 2,467,479,60,12
1712,Service 1,2,Cloud 2,865,794,58,31
1713,Service 9,2,Cloud 2,347,977,96,42
1714,Service 9,1,Cloud 1,21,717,45,91
1715,Service 6,2,Cloud 2,775,91,85,36
1716,Service 7,1,Cloud 1,4,756,50,85
1717,Service 3,2,Cloud 2,890,653,53,35
1718,Service 5,0,Cloud 0,213,489,90,36
1719,Service 8,2,Cloud 2,599,737,12,67
1720,Service 2,1,Cloud 1,674,14,45,57
1721,Service 8,2,Cloud 2,786,12,55,36
1722,Service 1,1,Cloud 1,85,838,11,17
1723,Service 8,0,Cloud 0,603,485,34,45
1724,Service 4,0,Cloud 0,308,870,46,18
1725,Service 6,0,Cloud 0,96,883,65,39
1726,Service 7,2,Cloud 2,730,437,45,82
1727,Service 2,2,Cloud 2,206,662,22,91
1728,Service 0,2,Cloud 2,718,481,83,66
1729,Service 8,1,Cloud 1,746,331,16,77
1730,Service 9,0,Cloud 0,709,319,67,75
1731,Service 6,1,Cloud 1,747,433,39,0
1732,Service 6,1,Cloud 1,15,148,21,73
1733,Service 5,0,Cloud 0,504,86,12,5
1734,Service 7,2,Cloud 2,25,264,51,36
1735,Service 5,2,Cloud 2,9,569,86,29
1736,Service 4,2,Cloud 2,489,536,21,20
1737,Service 3,1,Cloud 1,61,325,3,9
1738,Service 3,2,Cloud 2,139,536,19,19
1739,Service 0,1,Cloud 1,906,587,98,57
1740,Service 1,1,Cloud 1,329,230,50,52
1741,Service 8,1,Cloud 1,340,149,30,40
1742,Service 6,2,Cloud 2,368,288,66,61
1743,Service 4,0,Cloud 0,678,991,99,44
1744,Service 3,1,Cloud 1,308,810,23,91
1745,Service 1,2,Cloud 2,857,504,1,89
1746,Service 2,2,Cloud 2,858,560,27,94
1747,Service 6,2,Cloud 2,966,832,59,81
1748,Service 3,2,Cloud 2,446,240,14,52
1749,Service 6,0,Cloud 0,742,334,15,85
1750,Service 5,0,Cloud 0,903,106,24,18
1751,Service 2,1,Cloud 1,709,351,36,40
1752,Service 5,2,Cloud 2,479,401,78,29
1753,Service 5,0,Cloud 0,554,713,54,98
1754,Service 7,2,Cloud 2,631,707,23,19
1755,Service 5,0,Cloud 0,391,700,36,36
1756,Service 5,1,Cloud 1,477,721,59,38
1757,Service 4,2,Cloud 2,965,79,2,43
1758,Service 9,2,Cloud 2,354,960,30,30
1759,Service 4,1,Cloud 1,591,357,46,31
1760,Service 7,1,Cloud 1,19,472,84,7
1761,Service 1,2,Cloud 2,133,109,71,2
1762,Service 3,0,Cloud 0,162,955,50,82
1763,Service 7,1,Cloud 1,287,605,29,3
1764,Service 3,2,Cloud 2,246,83,88,9
1765,Service 0,2,Cloud 2,269,8,64,10
1766,Service 4,1,Cloud 1,403,116,32,10
1767,Service 5,2,Cloud 2,878,641,99,65
1768,Service 6,0,Cloud 0,651,89,60,77
1769,Service 0,0,Cloud 0,704,728,76,58
1770,Service 8,1,Cloud 1,9,245,1,33
1771,Service 2,1,Cloud 1,199,521,41,37
1772,Service 4,0,Cloud 0,605,962,47,71
1773,Service 2,1,Cloud 1,657,247,44,93
1774,Service 6,0,Cloud 0,237,661,9,82
1775,Service 8,2,Cloud 2,824,642,21,51
1776,Service 6,0,Cloud 0,228,865,36,19
1777,Service 6,2,Cloud 2,272,236,31,99
1778,Service 2,0,Cloud 0,296,227,34,31
1779,Service 3,0,Cloud 0,953,561,64,0
1780,Service 7,2,Cloud 2,468,100,52,58
1781,Service 4,1,Cloud 1,950,392,6,64
1782,Service 5,0,Cloud 0,43,295,31,44
1783,Service 0,0,Cloud 0,698,923,60,65
1784,Service 7,2,Cloud 2,533,476,15,53
1785,Service 7,0,Cloud 0,637,585,41,9
1786,Service 6,2,Cloud 2,38,746,53,64
1787,Service 6,1,Cloud 1,573,231,76,97
1788,Service 8,0,Cloud 0,906,640,0,38
1789,Service 8,2,Cloud 2,122,861,87,29
1790,Service 1,2,Cloud 2,916,791,89,13
1791,Service 6,1,Cloud 1,456,627,75,40
1792,Service 4,0,Cloud 0,355,164,4,55
1793,Service 5,0,Cloud 0,729,764,73,17
1794,Service 6,0,Cloud 0,369,628,23,64
1795,Service 0,0,Cloud 0,399,161,53,75
1796,Service 5,1,Cloud 1,475,681,31,80
1797,Service 6,0,Cloud 0,406,156,95,36
1798,Service 7,1,Cloud 1,291,73,72,82
1799,Service 2,0,Cloud 0,941,185,51,53
1800,Service 7,1,Cloud 1,23,217,36,33
1801,Service 1,1,Cloud 1,675,824,98,54
1802,Service 3,1,Cloud 1,768,414,49,45
1803,Service 0,0,Cloud 0,252,414,85,97
1804,Service 2,2,Cloud 2,204,671,52,1
1805,Service 4,1,Cloud 1,33,959,0,15
1806,Service 0,0,Cloud 0,342,37,25,80
1807,Service 8,0,Cloud 0,234,303,47,49
1808,Service 7,2,Cloud 2,774,445,44,86
1809,Service 1,0,Cloud 0,826,164,11,26
1810,Service 6,0,Cloud 0,100,148,11,23
1811,Service 6,2,Cloud 2,193,765,35,12
1812,Service 2,0,Cloud 0,290,0,14,13
1813,Service 6,1,Cloud 1,719,729,27,71
1814,Service 1,2,Cloud 2,572,590,5,69
1815,Service 1,0,Cloud 0,824,227,12,87
1816,Service 1,0,Cloud 0,594,121,88,34
1817,Service 1,0,Cloud 0,611,416,57,29
1818,Service 2,0,Cloud 0,972,681,62,53
1819,Service 4,1,Cloud 1,967,820,9,39
1820,Service 3,1,Cloud 1,917,141,99,58
1821,Service 9,1,Cloud 1,412,163,0,84
1822,Service 5,1,Cloud 1,294,834,51,44
1823,Service 3,2,Cloud 2,852,998,43,43
1824,Service 4,0,Cloud 0,588,198,43,83
1825,Service 3,0,Cloud 0,736,502,98,57
1826,Service 1,2,Cloud 2,606,617,36,88
1827,Service 9,0,Cloud 0,412,968,3,13
1828,Service 5,0,Cloud 0,987,450,5,15
1829,Service 5,0,Cloud 0,926,482,9,6
1830,Service 3,1,Cloud 1,93,973,51,0
1831,Service 0,0,Cloud 0,923,309,30,86
1832,Service 0,2,Cloud 2,454,488,44,83
1833,Service 1,0,Cloud 0,362,552,27,86
1834,Service 7,1,Cloud 1,178,678,3,26
1835,Service 4,0,Cloud 0,76,512,54,21
1836,Service 1,0,Cloud 0,983,893,8,70
1837,Service 0,0,Cloud 0,695,680,10,54
1838,Service 7,1,Cloud 1,704,477,95,45
1839,Service 8,2,Cloud 2,468,821,29,52
1840,Service 5,1,Cloud 1,784,886,37,25
1841,Service 3,0,Cloud 0,839,907,65,21
1842,Service 1,1,Cloud 1,408,278,84,44
1843,Service 7,1,Cloud 1,167,76,51,7
1844,Service 5,0,Cloud 0,26,123,35,78
1845,Service 4,0,Cloud 0,666,687,11,55
1846,Service 2,0,Cloud 0,772,316,14,45
1847,Service 6,0,Cloud 0,532,53,33,1
1848,Service 4,1,Cloud 1,411,624,74,24
1849,Service 2,0,Cloud 0,514,271,66,55
1850,Service 1,1,Cloud 1,615,480,77,82
1851,Service 7,2,Cloud 2,575,296,21,97
1852,Service 2,0,Cloud 0,321,24,37,81
1853,Service 2,2,Cloud 2,570,696,32,57
1854,Service 4,2,Cloud 2,203,917,28,55
1855,Service 0,1,Cloud 1,671,103,34,96
1856,Service 7,1,Cloud 1,867,761,23,6
1857,Service 2,2,Cloud 2,475,195,98,55
1858,Service 1,1,Cloud 1,449,134,27,29
1859,Service 6,0,Cloud 0,529,286,37,53
1860,Service 0,1,Cloud 1,218,286,94,69
1861,Service 9,1,Cloud 1,295,978,3,49
1862,Service 2,1,Cloud 1,210,336,32,94
1863,Service 7,2,Cloud 2,901,218,45,49
1864,Service 4,2,Cloud 2,738,398,30,0
1865,Service 2,2,Cloud 2,247,493,0,19
1866,Service 4,0,Cloud 0,550,526,58,65
1867,Service 4,2,Cloud 2,606,415,7,62
1868,Service 7,0,Cloud 0,714,201,78,43
1869,Service 3,1,Cloud 1,575,761,23,44
1870,Service 1,0,Cloud 0,961,986,25,16
1871,Service 0,2,Cloud 2,23,207,47,32
1872,Service 3,2,Cloud 2,100,315,4,52
1873,Service 4,2,Cloud 2,840,666,24,33
1874,Service 6,1,Cloud 1,809,466,84,2
1875,Service 2,1,Cloud 1,22,315,50,31
1876,Service 7,1,Cloud 1,283,351,60,62
1877,Service 8,0,Cloud 0,442,242,10,42
1878,Service 1,2,Cloud 2,818,532,2,91
1879,Service 5,1,Cloud 1,811,718,55,39
1880,Service 3,1,Cloud 1,998,176,6,77
1881,Service 4,1,Cloud 1,11,596,82,69
1882,Service 4,2,Cloud 2,794,237,47,61
1883,Service 3,2,Cloud 2,188,705,86,78
1884,Service 8,0,Cloud 0,341,1,77,92
1885,Service 9,2,Cloud 2,311,732,31,90
1886,Service 8,1,Cloud 1,76,375,96,79
1887,Service 0,0,Cloud 0,464,992,41,77
1888,Service 1,0,Cloud 0,925,333,4,91
1889,Service 7,1,Cloud 1,533,135,88,14
1890,Service 4,2,Cloud 2,540,238,78,90
1891,Service 0,1,Cloud 1,592,483,74,63
1892,Service 4,1,Cloud 1,558,226,70,61
1893,Service 0,1,Cloud 1,121,928,76,77
1894,Service 3,2,Cloud 2,986,270,16,36
1895,Service 4,2,Cloud 2,723,192,34,65
1896,Service 8,1,Cloud 1,181,677,74,47
1897,Service 7,2,Cloud 2,524,178,49,93
1898,Service 1,1,Cloud 1,128,832,11,73
1899,Service 7,2,Cloud 2,673,777,54,39
1900,Service 2,2,Cloud 2,657,426,16,70
1901,Service 2,0,Cloud 0,774,212,75,80
1902,Service 7,1,Cloud 1,558,374,3,10
1903,Service 6,0,Cloud 0,429,494,23,78
1904,Service 9,0,Cloud 0,731,610,85,42
1905,Service 6,2,Cloud 2,465,638,23,87
1906,Service 3,0,Cloud 0,35,359,72,15
1907,Service 2,2,Cloud 2,331,371,1,31
1908,Service 3,1,Cloud 1,689,642,72,53
1909,Service 3,0,Cloud 0,455,424,76,38
1910,Service 4,1,Cloud 1,780,919,16,54
1911,Service 8,0,Cloud 0,843,325,71,28
1912,Service 8,2,Cloud 2,514,708,52,77
1913,Service 6,2,Cloud 2,630,714,4,5
1914,Service 0,0,Cloud 0,105,743,57,52
1915,Service 6,2,Cloud 2,7,273,74,92
1916,Service 7,2,Cloud 2,728,170,43,8
1917,Service 2,0,Cloud 0,103,977,65,64
1918,Service 4,0,Cloud 0,529,934,72,52
1919,Service 7,0,Cloud 0,358,739,51,75
1920,Service 5,0,Cloud 0,354,271,61,54
1921,Service 7,2,Cloud 2,952,773,97,76
1922,Service 7,2,Cloud 2,586,197,82,54
1923,Service 1,2,Cloud 2,383,446,12,53
1924,Service 8,0,Cloud 0,140,285,20,14
1925,Service 2,1,Cloud 1,43,217,53,11
1926,Service 9,0,Cloud 0,681,483,92,27
1927,Service 4,2,Cloud 2,637,550,79,14
1928,Service 9,0,Cloud 0,176,531,56,80
1929,Service 6,0,Cloud 0,10,234,70,22
1930,Service 4,1,Cloud 1,580,744,56,39
1931,Service 5,2,Cloud 2,614,53,64,11
1932,Service 4,0,Cloud 0,913,458,10,74
1933,Service 4,1,Cloud 1,700,346,20,15
1934,Service 8,0,Cloud 0,400,475,50,8
1935,Service 8,1,Cloud 1,671,976,85,0
1936,Service 9,1,Cloud 1,43,70,56,61
1937,Service 0,0,Cloud 0,814,535,34,38
1938,Service 6,1,Cloud 1,867,906,73,75
1939,Service 1,0,Cloud 0,267,373,53,71
1940,Service 4,0,Cloud 0,485,106,27,53
1941,Service 1,2,Cloud 2,450,58,77,11
1942,Service 4,0,Cloud 0,876,133,6,16
1943,Service 4,1,Cloud 1,464,54,42,82
1944,Service 6,1,Cloud 1,92,933,87,97
1945,Service 9,1,Cloud 1,249,504,15,90
1946,Service 0,0,Cloud 0,549,539,21,56
1947,Service 5,2,Cloud 2,554,88,33,84
1948,Service 8,2,Cloud 2,965,197,21,98
1949,Service 1,0,Cloud 0,638,65,91,46
1950,Service 0,0,Cloud 0,196,577,14,47
1951,Service 5,1,Cloud 1,507,721,9,5
1952,Service 8,1,Cloud 1,930,246,22,15
1953,Service 5,2,Cloud 2,769,752,10,7
1954,Service 3,2,Cloud 2,988,33,79,42
1955,Service 0,1,Cloud 1,606,633,53,35
1956,Service 3,0,Cloud 0,125,409,28,55
1957,Service 1,2,Cloud 2,819,872,12,67
1958,Service 8,0,Cloud 0,953,413,91,19
1959,Service 4,0,Cloud 0,962,95,8,67
1960,Service 4,0,Cloud 0,127,714,3,20
1961,Service 8,1,Cloud 1,497,400,83,22
1962,Service 4,0,Cloud 0,993,480,93,92
1963,Service 0,0,Cloud 0,711,859,60,74
1964,Service 1,2,Cloud 2,816,690,92,48
1965,Service 9,1,Cloud 1,647,44,6,25
1966,Service 1,0,Cloud 0,935,784,79,38
1967,Service 8,1,Cloud 1,603,114,74,31
1968,Service 6,2,Cloud 2,510,30,63,81
1969,Service 2,1,Cloud 1,747,526,10,87
1970,Service 7,0,Cloud 0,397,573,29,83
1971,Service 0,0,Cloud 0,204,931,80,31
1972,Service 4,2,Cloud 2,649,919,86,22
1973,Service 7,2,Cloud 2,790,74,82,76
1974,Service 5,1,Cloud 1,110,10,95,67
1975,Service 6,0,Cloud 0,242,834,58,56
1976,Service 0,1,Cloud 1,52,303,25,92
1977,Service 9,1,Cloud 1,346,707,31,3
1978,Service 4,2,Cloud 2,67,882,15,52
1979,Service 1,0,Cloud 0,29,575,29,15
1980,Service 1,0,Cloud 0,380,249,68,61
1981,Service 1,1,Cloud 1,929,61,17,52
1982,Service 6,2,Cloud 2,803,533,77,53
1983,Service 7,1,Cloud 1,504,792,22,2
1984,Service 4,2,Cloud 2,108,92,42,52
1985,Service 8,1,Cloud 1,897,757,73,11
1986,Service 2,2,Cloud 2,374,664,86,14
1987,Service 9,1,Cloud 1,923,895,83,7
1988,Service 7,1,Cloud 1,607,252,45,9
1989,Service 3,2,Cloud 2,158,154,18,36
1990,Service 4,1,Cloud 1,639,506,70,50
1991,Service 0,0,Cloud 0,581,63,24,65
1992,Service 8,1,Cloud 1,558,634,9,40
1993,Service 9,0,Cloud 0,361,275,74,74
1994,Service 3,2,Cloud 2,719,444,71,96
1995,Service 7,1,Cloud 1,926,190,68,9
1996,Service 8,0,Cloud 0,423,216,1,62
1997,Service 2,0,Cloud 0,119,358,28,85
1998,Service 1,2,Cloud 2,992,62,37,85
1999,Service 2,2,Cloud 2,721,892,19,69
