0,Service 1,2,Cloud 2,838,204,81,5
1,Service 1,2,Cloud 2,127,113,88,21
2,Service 3,1,Cloud 1,871,906,93,18
3,Service 7,1,Cloud 1,389,230,41,14
4,Service 6,0,Cloud 0,390,854,11,53
5,Service 5,1,Cloud 1,802,400,14,69
6,Service 7,1,Cloud 1,399,886,90,24
7,Service 8,0,Cloud 0,235,830,84,17
8,Service 2,2,Cloud 2,163,779,58,87
9,Service 5,1,Cloud 1,984,424,43,2
10,Service 9,1,Cloud 1,647,16,71,75
11,Service 0,0,Cloud 0,625,723,42,45
12,Service 5,1,Cloud 1,544,489,33,99
13,Service 3,0,Cloud 0,437,546,29,12
14,Service 5,2,Cloud 2,622,221,14,85
15,Service 0,0,Cloud 0,729,961,25,46
16,Service 2,0,Cloud 0,59,522,9,74
17,Service 0,0,Cloud 0,779,737,29,24
18,Service 0,0,Cloud 0,550,654,67,24
19,Service 8,0,Cloud 0,858,348,17,6
20,Service 8,0,Cloud 0,225,479,43,56
21,Service 5,2,Cloud 2,116,289,77,23
22,Service 6,0,Cloud 0,598,347,12,32
23,Service 2,1,Cloud 1,333,323,80,18
24,Service 5,1,Cloud 1,777,50,58,96
25,Service 9,1,Cloud 1,148,881,89,43
26,Service 7,2,Cloud 2,441,346,67,3
27,Service 7,0,Cloud 0,815,771,59,38
28,Service 6,0,Cloud 0,549,732,85,82
29,Service 7,2,Cloud 2,673,420,5,88
30,Service 6,1,Cloud 1,612,530,33,89
31,Service 3,1,Cloud 1,223,707,58,48
32,Service 1,2,Cloud 2,170,662,43,14
33,Service 8,2,Cloud 2,124,185,30,97
34,Service 6,0,Cloud 0,75,290,66,3
35,Service 4,0,Cloud 0,856,388,39,69
36,Service 6,0,Cloud 0,853,482,99,14
37,Service 3,1,Cloud 1,169,961,65,4
38,Service 1,2,Cloud 2,626,234,5,43
39,Service 4,2,Cloud 2,675,305,22,49
40,Service 3,0,Cloud 0,352,558,3,48
41,Service 2,2,Cloud 2,483,777,48,60
42,Service 5,1,Cloud 1,684,130,59,81
43,Service 0,0,Cloud 0,614,420,85,60
44,Service 9,0,Cloud 0,12,798,22,46
45,Service 7,2,Cloud 2,158,623,80,22
46,Service 8,1,Cloud 1,883,130,75,22
47,Service 9,0,Cloud 0,576,138,92,64
48,Service 7,1,Cloud 1,652,77,41,16
49,Service 8,1,Cloud 1,736,497,50,51
50,Service 9,0,Cloud 0,834,262,85,5
51,Service 9,0,Cloud 0,282,883,0,48
52,Service 0,2,Cloud 2,846,861,69,24
53,Service 8,0,Cloud 0,334,88,66,42
54,Service 6,1,Cloud 1,585,740,38,0
55,Service 1,0,Cloud 0,290,377,29,10
56,Service 9,2,Cloud 2,851,725,68,80
57,Service 4,1,Cloud 1,307,645,15,36
58,Service 7,1,Cloud 1,587,44,61,21
59,Service 9,0,Cloud 0,507,169,41,69
60,Service 5,0,Cloud 0,952,896,34,82
61,Service 3,2,Cloud 2,905,551,34,94
62,Service 5,2,Cloud 2,91,647,93,44
63,Service 9,1,Cloud 1,276,426,25,16
64,Service 0,2,Cloud 2,923,670,16,20
65,Service 7,2,Cloud 2,213,433,21,45
66,Service 7,2,Cloud 2,668,960,2,92
67,Service 0,0,Cloud 0,811,245,66,20
68,Service 5,1,Cloud 1,491,570,77,81
69,Service 8,0,Cloud 0,419,696,80,9
70,Service 0,1,Cloud 1,131,741,19,76
71,Service 4,0,Cloud 0,92,871,70,91
72,Service 3,0,Cloud 0,992,249,14,17
73,Service 5,1,Cloud 1,816,256,68,14
74,Service 2,2,Cloud 2,936,440,62,29
75,Service 0,2,Cloud 2,648,868,88,53
76,Service 5,2,Cloud 2,257,618,79,11
77,Service 6,1,Cloud 1,612,790,41,30
78,Service 8,2,Cloud 2,667,269,54,25
79,Service 1,2,Cloud 2,903,450,54,6
80,Service 6,0,Cloud 0,116,471,87,7
81,Service 3,0,Cloud 0,857,107,65,35
82,Service 8,2,Cloud 2,435,21,48,68
83,Service 8,0,Cloud 0,914,519,39,66
84,Service 5,2,Cloud 2,787,104,37,88
85,Service 4,2,Cloud 2,443,711,43,36
86,Service 1,2,Cloud 2,585,738,90,73
87,Service 6,1,Cloud 1,538,8,42,37
88,Service 9,0,Cloud 0,483,418,18,38
89,Service 7,1,Cloud 1,27,717,54,51
90,Service 9,0,Cloud 0,513,485,90,12
91,Service 1,0,Cloud 0,464,5,57,34
92,Service 3,2,Cloud 2,144,10,98,95
93,Service 9,2,Cloud 2,154,362,92,99
94,Service 5,2,Cloud 2,63,256,62,7
95,Service 9,1,Cloud 1,584,45,78,65
96,Service 0,1,Cloud 1,546,630,19,79
97,Service 1,2,Cloud 2,618,904,5,51
98,Service 6,0,Cloud 0,777,40,57,85
99,Service 7,1,Cloud 1,953,590,56,59
100,Service 9,2,Cloud 2,101,840,38,60
101,Service 8,2,Cloud 2,677,357,88,62
102,Service 2,1,Cloud 1,151,959,89,40
103,Service 9,0,Cloud 0,43,12,45,21
104,Service 3,2,Cloud 2,104,11,92,65
105,Service 7,2,Cloud 2,477,982,83,78
106,Service 1,0,Cloud 0,499,236,66,90
107,Service 6,1,Cloud 1,1,891,62,59
108,Service 4,1,Cloud 1,320,59,61,28
109,Service 8,1,Cloud 1,745,642,24,99
110,Service 9,0,Cloud 0,194,748,82,52
111,Service 4,1,Cloud 1,443,317,28,86
112,Service 0,1,Cloud 1,75,378,52,63
113,Service 9,1,Cloud 1,763,477,23,59
114,Service 7,1,Cloud 1,514,864,95,46
115,Service 4,0,Cloud 0,126,259,92,96
116,Service 6,1,Cloud 1,161,180,14,48
117,Service 1,0,Cloud 0,561,36,21,66
118,Service 1,1,Cloud 1,193,217,3,18
119,Service 7,1,Cloud 1,392,961,74,13
120,Service 5,0,Cloud 0,995,489,41,22
121,Service 1,0,Cloud 0,108,149,1,90
122,Service 2,1,Cloud 1,473,622,48,29
123,Service 5,2,Cloud 2,108,298,32,32
124,Service 8,2,Cloud 2,265,90,16,78
125,Service 5,1,Cloud 1,487,412,93,87
126,Service 6,0,Cloud 0,875,146,53,88
127,Service 3,0,Cloud 0,233,181,90,85
128,Service 8,1,Cloud 1,505,904,56,29
129,Service 0,1,Cloud 1,216,674,35,72
130,Service 0,0,Cloud 0,350,947,39,61
131,Service 9,1,Cloud 1,401,534,59,47
132,Service 5,1,Cloud 1,691,575,93,19
133,Service 5,0,Cloud 0,21,356,92,52
134,Service 6,1,Cloud 1,217,920,86,77
135,Service 4,2,Cloud 2,965,520,81,99
136,Service 1,0,Cloud 0,771,834,89,65
137,Service 0,1,Cloud 1,375,906,76,29
138,Service 0,2,Cloud 2,816,276,15,58
139,Service 7,1,Cloud 1,539,421,98,29
140,Service 6,0,Cloud 0,182,532,0,81
141,Service 0,1,Cloud 1,526,877,3,39
142,Service 2,0,Cloud 0,922,125,49,84
143,Service 7,1,Cloud 1,336,450,70,4
144,Service 4,0,Cloud 0,882,815,20,18
145,Service 7,0,Cloud 0,867,784,5,65
146,Service 9,2,Cloud 2,217,367,20,27
147,Service 9,0,Cloud 0,671,786,33,10
148,Service 2,0,Cloud 0,944,41,54,86
149,Service 7,1,Cloud 1,558,476,36,48
150,Service 8,0,Cloud 0,904,321,63,60
151,Service 3,0,Cloud 0,600,869,87,41
152,Service 1,0,Cloud 0,474,135,4,21
153,Service 2,0,Cloud 0,337,547,97,58
154,Service 2,0,Cloud 0,890,323,92,13
155,Service 2,1,Cloud 1,493,852,45,24
156,Service 9,0,Cloud 0,394,36,72,62
157,Service 3,2,Cloud 2,797,69,68,76
158,Service 5,0,Cloud 0,520,510,21,44
159,Service 5,0,Cloud 0,229,926,36,6
160,Service 8,2,Cloud 2,249,678,17,37
161,Service 4,1,Cloud 1,944,19,29,83
162,Service 9,1,Cloud 1,642,613,22,81
163,Service 1,0,Cloud 0,471,208,61,25
164,Service 9,1,Cloud 1,796,278,66,82
165,Service 3,0,Cloud 0,858,25,78,29
166,Service 0,1,Cloud 1,982,625,33,68
167,Service 0,2,Cloud 2,676,229,44,85
168,Service 4,1,Cloud 1,763,0,86,74
169,Service 5,2,Cloud 2,585,631,39,27
170,Service 1,1,Cloud 1,602,280,46,79
171,Service 6,1,Cloud 1,705,857,75,13
172,Service 5,0,Cloud 0,502,136,20,46
173,Service 1,2,Cloud 2,127,353,41,70
174,Service 2,2,Cloud 2,625,988,75,12
175,Service 8,0,Cloud 0,778,590,58,24
176,Service 4,2,Cloud 2,257,207,22,79
177,Service 7,2,Cloud 2,276,5,18,75
178,Service 7,1,Cloud 1,66,382,10,68
179,Service 0,0,Cloud 0,396,191,56,38
180,Service 4,2,Cloud 2,501,947,29,65
181,Service 6,2,Cloud 2,306,915,1,40
182,Service 7,2,Cloud 2,374,900,99,61
183,Service 8,0,Cloud 0,471,435,36,62
184,Service 8,2,Cloud 2,155,672,22,32
185,Service 5,0,Cloud 0,76,690,35,36
186,Service 7,2,Cloud 2,55,981,9,2
187,Service 4,2,Cloud 2,357,54,95,43
188,Service 3,2,Cloud 2,408,404,48,5
189,Service 4,0,Cloud 0,823,136,84,25
190,Service 3,0,Cloud 0,329,79,86,72
191,Service 2,2,Cloud 2,372,21,82,17
192,Service 1,2,Cloud 2,869,373,16,55
193,Service 6,0,Cloud 0,380,201,96,94
194,Service 7,2,Cloud 2,485,589,95,59
195,Service 5,1,Cloud 1,534,212,71,84
196,Service 8,2,Cloud 2,727,494,18,11
197,Service 7,1,Cloud 1,189,584,90,46
198,Service 7,1,Cloud 1,857,654,61,12
199,Service 9,1,Cloud 1,365,366,93,26
200,Service 3,1,Cloud 1,661,417,58,49
201,Service 7,0,Cloud 0,310,151,74,60
202,Service 5,1,Cloud 1,517,199,23,62
203,Service 2,2,Cloud 2,316,582,87,97
204,Service 8,0,Cloud 0,460,914,90,75
205,Service 4,1,Cloud 1,543,789,77,11
206,Service 1,1,Cloud 1,216,603,74,29
207,Service 4,1,Cloud 1,116,110,61,21
208,Service 2,0,Cloud 0,316,132,2,59
209,Service 7,1,Cloud 1,373,788,61,32
210,Service 3,0,Cloud 0,972,405,20,79
211,Service 6,0,Cloud 0,395,743,45,68
212,Service 1,0,Cloud 0,938,569,50,98
213,Service 9,2,Cloud 2,660,844,48,81
214,Service 2,1,Cloud 1,808,516,32,16
215,Service 7,1,Cloud 1,843,598,92,47
216,Service 1,2,Cloud 2,666,913,56,90
217,Service 3,0,Cloud 0,583,858,42,11
218,Service 0,0,Cloud 0,805,867,33,3
219,Service 2,2,Cloud 2,561,485,58,81
220,Service 6,1,Cloud 1,484,73,94,34
221,Service 4,1,Cloud 1,690,17,80,79
222,Service 8,2,Cloud 2,80,98,45,62
223,Service 7,2,Cloud 2,102,384,11,42
224,Service 5,1,Cloud 1,698,510,19,64
225,Service 2,1,Cloud 1,369,85,21,51
226,Service 1,0,Cloud 0,15,634,69,24
227,Service 0,2,Cloud 2,256,2,18,2
228,Service 8,0,Cloud 0,655,106,8,58
229,Service 0,1,Cloud 1,258,370,81,55
230,Service 1,0,Cloud 0,775,492,50,65
231,Service 7,1,Cloud 1,323,861,47,2
232,Service 2,1,Cloud 1,484,402,35,65
233,Service 5,2,Cloud 2,505,509,78,25
234,Service 2,1,Cloud 1,707,282,50,60
235,Service 7,2,Cloud 2,590,204,14,38
236,Service 2,2,Cloud 2,412,749,27,56
237,Service 3,2,Cloud 2,836,176,31,66
238,Service 0,1,Cloud 1,360,901,4,51
239,Service 7,0,Cloud 0,845,991,40,94
240,Service 1,2,Cloud 2,146,815,31,90
241,Service 2,2,Cloud 2,885,344,40,47
242,Service 1,2,Cloud 2,945,230,86,64
243,Service 3,2,Cloud 2,585,395,53,67
244,Service 0,0,Cloud 0,195,548,64,89
245,Service 9,0,Cloud 0,291,7,41,95
246,Service 0,0,Cloud 0,489,522,43,28
247,Service 2,1,Cloud 1,597,950,40,95
248,Service 0,0,Cloud 0,97,977,58,4
249,Service 4,2,Cloud 2,471,614,84,66
250,Service 3,0,Cloud 0,335,242,54,4
251,Service 9,0,Cloud 0,158,528,59,10
252,Service 4,1,Cloud 1,78,152,42,96
253,Service 1,2,Cloud 2,102,791,82,45
254,Service 3,1,Cloud 1,887,708,54,18
255,Service 5,2,Cloud 2,381,647,94,40
256,Service 1,0,Cloud 0,208,52,1,83
257,Service 5,0,Cloud 0,971,503,62,59
258,Service 6,1,Cloud 1,435,50,47,68
259,Service 3,2,Cloud 2,886,510,73,69
260,Service 4,1,Cloud 1,748,612,58,58
261,Service 7,0,Cloud 0,21,129,78,5
262,Service 8,0,Cloud 0,364,82,88,54
263,Service 0,2,Cloud 2,717,266,52,20
264,Service 8,0,Cloud 0,832,910,7,90
265,Service 5,0,Cloud 0,486,476,42,39
266,Service 6,0,Cloud 0,985,382,86,29
267,Service 3,1,Cloud 1,611,650,79,83
268,Service 6,0,Cloud 0,780,0,65,65
269,Service 3,0,Cloud 0,206,226,68,50
270,Service 3,2,Cloud 2,822,945,46,6
271,Service 7,0,Cloud 0,485,942,91,81
272,Service 4,2,Cloud 2,750,849,82,66
273,Service 4,2,Cloud 2,57,33,25,80
274,Service 0,0,Cloud 0,930,831,0,46
275,Service 0,0,Cloud 0,131,299,98,62
276,Service 6,0,Cloud 0,306,143,10,35
277,Service 1,0,Cloud 0,845,866,18,10
278,Service 1,2,Cloud 2,724,378,4,31
279,Service 7,1,Cloud 1,498,570,0,65
280,Service 4,1,Cloud 1,273,481,76,72
281,Service 6,2,Cloud 2,845,762,1,80
282,Service 7,1,Cloud 1,109,955,64,71
283,Service 4,1,Cloud 1,960,744,29,92
284,Service 8,0,Cloud 0,728,90,90,67
285,Service 4,1,Cloud 1,3,299,88,60
286,Service 8,2,Cloud 2,435,80,49,8
287,Service 1,1,Cloud 1,362,712,54,85
288,Service 6,2,Cloud 2,3,857,22,16
289,Service 7,0,Cloud 0,540,976,89,20
290,Service 6,0,Cloud 0,930,943,32,27
291,Service 2,0,Cloud 0,162,224,88,12
292,Service 3,0,Cloud 0,345,460,78,40
293,Service 5,2,Cloud 2,979,180,99,15
294,Service 6,2,Cloud 2,311,781,81,25
295,Service 8,1,Cloud 1,629,544,38,4
296,Service 3,1,Cloud 1,870,35,63,70
297,Service 7,1,Cloud 1,546,115,83,65
298,Service 5,2,Cloud 2,388,755,63,4
299,Service 8,2,Cloud 2,534,934,63,4
300,Service 2,0,Cloud 0,968,350,27,88
301,Service 6,0,Cloud 0,282,956,0,89
302,Service 8,2,Cloud 2,861,344,45,79
303,Service 7,1,Cloud 1,980,472,66,90
304,Service 5,1,Cloud 1,808,993,18,63
305,Service 6,2,Cloud 2,352,232,47,2
306,Service 0,2,Cloud 2,825,270,99,85
307,Service 9,1,Cloud 1,695,381,14,84
308,Service 5,2,Cloud 2,63,82,26,48
309,Service 5,1,Cloud 1,321,301,29,92
310,Service 2,1,Cloud 1,28,96,25,10
311,Service 6,1,Cloud 1,878,384,75,67
312,Service 1,1,Cloud 1,926,988,98,91
313,Service 0,2,Cloud 2,747,665,6,21
314,Service 7,0,Cloud 0,150,92,47,57
315,Service 3,0,Cloud 0,107,533,59,80
316,Service 4,2,Cloud 2,818,438,15,72
317,Service 3,0,Cloud 0,890,305,30,45
318,Service 6,1,Cloud 1,627,335,88,32
319,Service 8,1,Cloud 1,45,963,32,97
320,Service 5,0,Cloud 0,107,401,31,22
321,Service 0,1,Cloud 1,374,334,45,2
322,Service 5,0,Cloud 0,314,589,82,40
323,Service 8,0,Cloud 0,315,844,90,75
324,Service 8,2,Cloud 2,36,220,0,98
325,Service 0,1,Cloud 1,487,488,16,33
326,Service 8,0,Cloud 0,162,579,36,65
327,Service 9,2,Cloud 2,643,171,79,16
328,Service 9,1,Cloud 1,400,215,15,78
329,Service 2,0,Cloud 0,803,201,40,55
330,Service 4,0,Cloud 0,103,371,2,78
331,Service 6,2,Cloud 2,201,150,53,53
332,Service 5,2,Cloud 2,162,950,75,91
333,Service 6,0,Cloud 0,654,241,3,64
334,Service 3,1,Cloud 1,211,331,7,47
335,Service 8,1,Cloud 1,310,757,22,30
336,Service 5,0,Cloud 0,211,618,48,20
337,Service 4,1,Cloud 1,415,862,19,54
338,Service 0,2,Cloud 2,348,43,87,93
339,Service 0,2,Cloud 2,781,68,45,76
340,Service 6,2,Cloud 2,204,130,69,78
341,Service 9,0,Cloud 0,288,937,35,68
342,Service 6,1,Cloud 1,474,165,22,64
343,Service 7,1,Cloud 1,783,16,41,33
344,Service 3,2,Cloud 2,909,437,27,0
345,Service 1,1,Cloud 1,790,755,56,80
346,Service 4,0,Cloud 0,632,725,63,63
347,Service 0,2,Cloud 2,373,994,29,49
348,Service 5,1,Cloud 1,385,555,2,44
349,Service 7,2,Cloud 2,298,793,47,40
350,Service 7,2,Cloud 2,902,15,49,49
351,Service 7,1,Cloud 1,838,907,18,88
352,Service 8,1,Cloud 1,104,144,28,11
353,Service 7,0,Cloud 0,822,613,42,3
354,Service 8,2,Cloud 2,743,761,0,8
355,Service 4,0,Cloud 0,55,160,84,94
356,Service 8,2,Cloud 2,561,876,70,43
357,Service 4,1,Cloud 1,703,203,55,96
358,Service 5,2,Cloud 2,686,15,68,75
359,Service 1,1,Cloud 1,752,481,60,12
360,Service 8,2,Cloud 2,709,830,39,63
361,Service 4,0,Cloud 0,948,258,21,40
362,Service 1,2,Cloud 2,295,120,54,15
363,Service 6,2,Cloud 2,927,187,55,83
364,Service 2,0,Cloud 0,733,374,77,51
365,Service 2,0,Cloud 0,762,956,63,12
366,Service 6,2,Cloud 2,852,311,52,7
367,Service 6,1,Cloud 1,118,466,59,29
368,Service 5,1,Cloud 1,11,205,44,76
369,Service 5,2,Cloud 2,964,153,38,50
370,Service 7,1,Cloud 1,920,171,15,16
371,Service 7,1,Cloud 1,37,664,53,12
372,Service 4,2,Cloud 2,607,399,17,58
373,Service 8,1,Cloud 1,957,138,98,98
374,Service 8,2,Cloud 2,490,318,55,27
375,Service 8,1,Cloud 1,118,465,32,65
376,Service 4,1,Cloud 1,500,964,53,0
377,Service 7,1,Cloud 1,399,481,35,51
378,Service 2,2,Cloud 2,984,793,65,71
379,Service 5,1,Cloud 1,763,936,27,40
380,Service 1,1,Cloud 1,485,478,28,99
381,Service 2,1,Cloud 1,753,282,14,79
382,Service 4,2,Cloud 2,847,425,26,58
383,Service 2,1,Cloud 1,375,134,99,48
384,Service 8,1,Cloud 1,121,465,13,3
385,Service 6,1,Cloud 1,28,222,87,30
386,Service 0,0,Cloud 0,721,110,28,6
387,Service 5,1,Cloud 1,486,839,24,12
388,Service 0,2,Cloud 2,938,494,12,35
389,Service 5,2,Cloud 2,657,486,12,90
390,Service 9,0,Cloud 0,193,620,12,72
391,Service 4,0,Cloud 0,171,977,50,38
392,Service 4,1,Cloud 1,214,93,92,53
393,Service 7,1,Cloud 1,749,876,3,66
394,Service 0,0,Cloud 0,319,906,77,32
395,Service 5,0,Cloud 0,174,594,12,94
396,Service 9,0,Cloud 0,834,364,67,72
397,Service 8,0,Cloud 0,623,437,87,94
398,Service 8,2,Cloud 2,996,730,17,97
399,Service 2,1,Cloud 1,285,161,65,42
400,Service 2,2,Cloud 2,127,399,82,76
401,Service 9,0,Cloud 0,530,91,55,0
402,Service 1,0,Cloud 0,10,74,83,80
403,Service 7,1,Cloud 1,118,441,51,99
404,Service 4,2,Cloud 2,586,3,65,21
405,Service 9,2,Cloud 2,557,180,51,56
406,Service 6,1,Cloud 1,63,802,99,11
407,Service 8,1,Cloud 1,805,446,82,63
408,Service 3,0,Cloud 0,487,452,66,75
409,Service 3,1,Cloud 1,210,616,28,62
410,Service 3,0,Cloud 0,734,877,7,25
411,Service 9,2,Cloud 2,587,496,12,52
412,Service 6,2,Cloud 2,646,121,18,9
413,Service 3,2,Cloud 2,844,762,91,84
414,Service 3,0,Cloud 0,175,889,20,64
415,Service 9,0,Cloud 0,50,781,78,56
416,Service 4,0,Cloud 0,563,729,72,45
417,Service 6,0,Cloud 0,774,359,14,68
418,Service 4,0,Cloud 0,265,27,29,91
419,Service 4,1,Cloud 1,480,818,86,71
420,Service 1,2,Cloud 2,267,385,59,19
421,Service 9,0,Cloud 0,38,858,62,85
422,Service 9,1,Cloud 1,876,118,17,52
423,Service 8,0,Cloud 0,703,28,23,86
424,Service 2,2,Cloud 2,20,756,9,34
425,Service 4,0,Cloud 0,757,696,34,82
426,Service 8,1,Cloud 1,470,177,69,28
427,Service 1,0,Cloud 0,555,640,93,40
428,Service 3,1,Cloud 1,946,301,90,67
429,Service 8,0,Cloud 0,236,36,91,44
430,Service 3,1,Cloud 1,643,943,41,55
431,Service 9,2,Cloud 2,146,527,67,66
432,Service 9,2,Cloud 2,525,8,70,92
433,Service 2,2,Cloud 2,868,85,2,33
434,Service 0,0,Cloud 0,765,851,95,53
435,Service 4,0,Cloud 0,401,553,96,59
436,Service 1,0,Cloud 0,612,140,48,77
437,Service 8,2,Cloud 2,659,271,71,59
438,Service 1,1,Cloud 1,951,532,15,36
439,Service 4,0,Cloud 0,980,619,54,79
440,Service 0,1,Cloud 1,390,188,23,41
441,Service 1,0,Cloud 0,363,564,75,95
442,Service 5,0,Cloud 0,522,384,45,29
443,Service 8,1,Cloud 1,411,50,37,47
444,Service 5,0,Cloud 0,60,246,10,50
445,Service 4,2,Cloud 2,370,65,75,49
446,Service 5,0,Cloud 0,473,420,43,99
447,Service 8,1,Cloud 1,197,196,82,44
448,Service 6,1,Cloud 1,193,529,91,25
449,Service 5,0,Cloud 0,544,13,83,18
450,Service 0,0,Cloud 0,650,255,52,58
451,Service 0,1,Cloud 1,44,764,69,29
452,Service 9,2,Cloud 2,880,972,65,70
453,Service 8,0,Cloud 0,139,234,83,61
454,Service 4,2,Cloud 2,175,454,89,93
455,Service 0,0,Cloud 0,416,638,97,24
456,Service 0,2,Cloud 2,231,671,41,81
457,Service 8,2,Cloud 2,373,494,31,55
458,Service 1,0,Cloud 0,898,889,37,83
459,Service 9,2,Cloud 2,411,810,13,33
460,Service 9,1,Cloud 1,94,151,21,55
461,Service 3,0,Cloud 0,701,909,60,18
462,Service 5,1,Cloud 1,998,724,74,45
463,Service 4,1,Cloud 1,897,864,76,41
464,Service 3,2,Cloud 2,247,43,29,94
465,Service 9,1,Cloud 1,756,96,88,32
466,Service 6,0,Cloud 0,315,162,21,21
467,Service 1,1,Cloud 1,977,293,32,46
468,Service 9,1,Cloud 1,490,664,91,34
469,Service 4,0,Cloud 0,511,325,22,15
470,Service 2,2,Cloud 2,397,403,20,35
471,Service 3,2,Cloud 2,188,117,82,40
472,Service 3,1,Cloud 1,209,683,29,25
473,Service 7,2,Cloud 2,857,923,96,66
474,Service 8,2,Cloud 2,633,837,83,85
475,Service 9,1,Cloud 1,472,86,97,19
476,Service 2,2,Cloud 2,775,771,13,44
477,Service 2,0,Cloud 0,567,666,4,23
478,Service 5,2,Cloud 2,231,219,45,53
479,Service 0,1,Cloud 1,570,428,45,59
480,Service 0,1,Cloud 1,468,354,41,74
481,Service 3,1,Cloud 1,103,236,4,86
482,Service 0,1,Cloud 1,255,718,41,78
483,Service 1,1,Cloud 1,660,592,30,12
484,Service 1,1,Cloud 1,459,17,15,71
485,Service 3,1,Cloud 1,611,319,43,19
486,Service 7,2,Cloud 2,508,157,88,31
487,Service 4,2,Cloud 2,687,183,51,70
488,Service 6,0,Cloud 0,251,158,45,2
489,Service 9,2,Cloud 2,882,163,59,75
490,Service 3,2,Cloud 2,628,944,47,83
491,Service 1,1,Cloud 1,819,820,0,4
492,Service 2,2,Cloud 2,824,772,65,65
493,Service 4,1,Cloud 1,447,945,6,81
494,Service 2,2,Cloud 2,361,157,22,52
495,Service 5,1,Cloud 1,28,910,98,20
496,Service 9,0,Cloud 0,639,207,50,74
497,Service 3,2,Cloud 2,604,242,78,25
498,Service 0,1,Cloud 1,324,226,33,54
499,Service 0,0,Cloud 0,516,565,58,3
500,Service 2,0,Cloud 0,673,599,54,26
501,Service 9,2,Cloud 2,38,841,66,51
502,Service 4,0,Cloud 0,672,941,43,25
503,Service 6,1,Cloud 1,987,579,50,52
504,Service 3,2,Cloud 2,960,695,20,75
505,Service 6,1,Cloud 1,955,50,46,9
506,Service 0,2,Cloud 2,111,63,26,26
507,Service 7,2,Cloud 2,511,663,13,21
508,Service 2,1,Cloud 1,755,80,37,10
509,Service 5,1,Cloud 1,751,173,94,70
510,Service 2,1,Cloud 1,234,838,81,37
511,Service 9,2,Cloud 2,319,205,15,11
512,Service 3,0,Cloud 0,402,723,73,83
513,Service 2,2,Cloud 2,115,823,54,3
514,Service 3,1,Cloud 1,587,583,55,44
515,Service 6,2,Cloud 2,391,169,97,48
516,Service 9,0,Cloud 0,412,694,24,95
517,Service 4,2,Cloud 2,99,600,71,75
518,Service 8,2,Cloud 2,701,12,47,18
519,Service 7,2,Cloud 2,248,685,98,39
520,Service 1,0,Cloud 0,515,766,45,48
521,Service 1,2,Cloud 2,912,425,93,69
522,Service 2,0,Cloud 0,274,869,58,0
523,Service 8,1,Cloud 1,630,875,57,61
524,Service 7,2,Cloud 2,474,918,72,34
525,Service 3,2,Cloud 2,512,422,83,46
526,Service 0,2,Cloud 2,964,648,60,83
527,Service 5,2,Cloud 2,183,770,88,68
528,Service 9,0,Cloud 0,752,667,54,23
529,Service 3,1,Cloud 1,509,942,78,91
530,Service 8,2,Cloud 2,811,186,34,69
531,Service 9,1,Cloud 1,830,440,95,13
532,Service 8,1,Cloud 1,6,29,6,7
533,Service 0,1,Cloud 1,17,584,38,72
534,Service 0,2,Cloud 2,106,963,11,6
535,Service 7,0,Cloud 0,135,177,99,67
536,Service 6,2,Cloud 2,846,834,78,35
537,Service 7,0,Cloud 0,819,798,43,5
538,Service 3,1,Cloud 1,278,440,83,55
539,Service 3,2,Cloud 2,123,426,63,21
540,Service 4,0,Cloud 0,841,720,34,11
541,Service 4,2,Cloud 2,129,13,46,24
542,Service 5,0,Cloud 0,729,235,96,52
543,Service 1,1,Cloud 1,9,669,73,42
544,Service 8,2,Cloud 2,234,299,27,40
545,Service 3,2,Cloud 2,399,209,89,59
546,Service 3,2,Cloud 2,640,469,61,97
547,Service 5,0,Cloud 0,89,815,0,21
548,Service 5,0,Cloud 0,866,158,3,86
549,Service 5,1,Cloud 1,35,108,23,88
550,Service 5,0,Cloud 0,30,851,87,14
551,Service 0,0,Cloud 0,962,834,18,29
552,Service 0,0,Cloud 0,194,397,89,36
553,Service 0,1,Cloud 1,666,234,87,19
554,Service 7,1,Cloud 1,502,360,1,58
555,Service 8,2,Cloud 2,450,408,46,35
556,Service 4,1,Cloud 1,384,211,20,75
557,Service 2,0,Cloud 0,238,679,76,83
558,Service 2,2,Cloud 2,211,143,87,46
559,Service 8,1,Cloud 1,326,156,43,43
560,Service 7,1,Cloud 1,431,945,46,97
561,Service 9,2,Cloud 2,742,734,90,81
562,Service 4,1,Cloud 1,263,462,92,19
563,Service 7,1,Cloud 1,877,738,35,51
564,Service 7,2,Cloud 2,367,579,47,84
565,Service 4,0,Cloud 0,16,951,5,83
566,Service 0,2,Cloud 2,297,774,91,94
567,Service 1,0,Cloud 0,414,306,3,63
568,Service 1,1,Cloud 1,684,406,70,51
569,Service 6,1,Cloud 1,185,79,25,13
570,Service 1,0,Cloud 0,73,269,39,60
571,Service 5,2,Cloud 2,596,212,10,68
572,Service 8,1,Cloud 1,787,958,40,71
573,Service 4,2,Cloud 2,80,334,73,97
574,Service 7,2,Cloud 2,905,308,19,39
575,Service 6,2,Cloud 2,952,38,78,67
576,Service 7,2,Cloud 2,509,23,8,41
577,Service 3,1,Cloud 1,413,579,65,78
578,Service 5,2,Cloud 2,922,778,63,14
579,Service 7,0,Cloud 0,185,333,87,48
580,Service 5,1,Cloud 1,158,399,99,34
581,Service 5,0,Cloud 0,182,1,96,11
582,Service 9,2,Cloud 2,81,0,57,89
583,Service 2,0,Cloud 0,945,246,80,38
584,Service 0,0,Cloud 0,552,312,91,85
585,Service 5,1,Cloud 1,271,635,83,53
586,Service 0,2,Cloud 2,48,417,19,42
587,Service 9,1,Cloud 1,482,958,22,88
588,Service 1,1,Cloud 1,862,610,27,0
589,Service 2,2,Cloud 2,193,358,26,12
590,Service 8,1,Cloud 1,726,264,60,40
591,Service 2,2,Cloud 2,375,244,86,7
592,Service 9,1,Cloud 1,781,748,46,77
593,Service 3,0,Cloud 0,205,325,68,75
594,Service 9,0,Cloud 0,505,997,30,70
595,Service 5,1,Cloud 1,911,787,58,97
596,Service 2,1,Cloud 1,519,881,61,26
597,Service 3,2,Cloud 2,99,999,9,8
598,Service 1,1,Cloud 1,467,725,80,4
599,Service 1,0,Cloud 0,84,45,40,20
600,Service 6,0,Cloud 0,554,74,51,60
601,Service 7,2,Cloud 2,935,193,55,27
602,Service 4,2,Cloud 2,49,585,44,47
603,Service 0,1,Cloud 1,907,407,52,50
604,Service 9,2,Cloud 2,521,103,85,73
605,Service 4,1,Cloud 1,1,109,57,78
606,Service 7,0,Cloud 0,711,583,34,4
607,Service 2,0,Cloud 0,902,908,60,77
608,Service 4,2,Cloud 2,643,642,15,46
609,Service 6,1,Cloud 1,188,27,68,24
610,Service 8,2,Cloud 2,7,80,85,69
611,Service 8,1,Cloud 1,651,477,69,52
612,Service 9,2,Cloud 2,7,564,20,24
613,Service 9,1,Cloud 1,139,917,26,34
614,Service 8,0,Cloud 0,960,848,9,60
615,Service 0,1,Cloud 1,535,27,20,58
616,Service 0,1,Cloud 1,607,50,93,35
617,Service 2,2,Cloud 2,949,945,46,91
618,Service 9,0,Cloud 0,442,980,31,40
619,Service 0,1,Cloud 1,501,744,83,86
620,Service 7,2,Cloud 2,232,555,48,9
621,Service 7,0,Cloud 0,408,807,16,22
622,Service 5,1,Cloud 1,574,201,6,96
623,Service 2,0,Cloud 0,949,493,66,70
624,Service 4,1,Cloud 1,633,219,51,48
625,Service 5,2,Cloud 2,213,777,64,15
626,Service 3,2,Cloud 2,186,465,20,78
627,Service 3,0,Cloud 0,709,276,82,38
628,Service 3,2,Cloud 2,110,436,60,43
629,Service 3,2,Cloud 2,6,562,69,90
630,Service 9,2,Cloud 2,221,895,63,10
631,Service 8,2,Cloud 2,416,932,56,49
632,Service 8,2,Cloud 2,484,741,36,43
633,Service 3,2,Cloud 2,22,804,13,47
634,Service 2,1,Cloud 1,160,612,75,89
635,Service 1,1,Cloud 1,496,496,83,61
636,Service 1,2,Cloud 2,228,72,55,32
637,Service 8,1,Cloud 1,847,542,58,55
638,Service 1,0,Cloud 0,964,642,52,60
639,Service 0,2,Cloud 2,465,81,84,49
640,Service 3,1,Cloud 1,927,656,35,29
641,Service 3,0,Cloud 0,231,646,27,75
642,Service 8,0,Cloud 0,52,465,66,39
643,Service 8,0,Cloud 0,703,576,75,49
644,Service 9,2,Cloud 2,541,972,57,82
645,Service 9,1,Cloud 1,669,381,98,59
646,Service 7,1,Cloud 1,510,496,17,46
647,Service 4,1,Cloud 1,384,693,71,50
648,Service 2,1,Cloud 1,654,796,63,79
649,Service 8,0,Cloud 0,843,171,30,86
650,Service 0,2,Cloud 2,554,660,85,27
651,Service 7,1,Cloud 1,291,67,63,83
652,Service 7,0,Cloud 0,390,527,2,22
653,Service 1,1,Cloud 1,484,827,62,50
654,Service 5,2,Cloud 2,114,35,69,23
655,Service 4,0,Cloud 0,894,203,36,68
656,Service 6,1,Cloud 1,196,534,75,9
657,Service 4,1,Cloud 1,365,19,99,63
658,Service 6,0,Cloud 0,675,816,76,80
659,Service 9,2,Cloud 2,598,927,69,74
660,Service 5,2,Cloud 2,516,595,37,92
661,Service 9,2,Cloud 2,108,20,53,90
662,Service 8,2,Cloud 2,9,730,9,40
663,Service 8,0,Cloud 0,939,119,62,79
664,Service 3,0,Cloud 0,656,133,70,38
665,Service 6,2,Cloud 2,947,499,52,79
666,Service 8,0,Cloud 0,477,985,68,27
667,Service 2,2,Cloud 2,710,143,96,98
668,Service 0,2,Cloud 2,577,500,84,66
669,Service 6,2,Cloud 2,772,895,60,57
670,Service 6,2,Cloud 2,574,404,21,24
671,Service 3,1,Cloud 1,36,483,57,49
672,Service 2,1,Cloud 1,618,258,57,23
673,Service 8,2,Cloud 2,339,691,28,38
674,Service 2,0,Cloud 0,27,99,18,74
675,Service 3,2,Cloud 2,251,876,67,26
676,Service 4,0,Cloud 0,973,499,65,55
677,Service 2,2,Cloud 2,597,999,39,87
678,Service 4,0,Cloud 0,382,202,69,98
679,Service 0,0,Cloud 0,223,284,97,27
680,Service 4,0,Cloud 0,590,853,15,73
681,Service 7,0,Cloud 0,11,945,75,15
682,Service 4,1,Cloud 1,317,684,11,76
683,Service 1,2,Cloud 2,391,635,24,87
684,Service 5,2,Cloud 2,357,553,23,61
685,Service 8,1,Cloud 1,205,996,7,31
686,Service 0,0,Cloud 0,535,445,13,67
687,Service 2,1,Cloud 1,347,632,57,60
688,Service 5,1,Cloud 1,266,106,14,59
689,Service 5,1,Cloud 1,614,348,18,5
690,Service 7,2,Cloud 2,128,779,33,49
691,Service 5,1,Cloud 1,96,244,68,62
692,Service 2,1,Cloud 1,455,255,58,25
693,Service 1,2,Cloud 2,943,784,3,17
694,Service 3,2,Cloud 2,229,56,76,41
695,Service 7,1,Cloud 1,22,354,89,65
696,Service 6,0,Cloud 0,786,17,0,8
697,Service 1,1,Cloud 1,956,577,34,52
698,Service 3,2,Cloud 2,291,27,88,45
699,Service 0,0,Cloud 0,601,90,15,81
700,Service 4,0,Cloud 0,189,329,90,78
701,Service 2,2,Cloud 2,596,557,65,24
702,Service 8,2,Cloud 2,81,936,3,30
703,Service 3,0,Cloud 0,818,884,8,36
704,Service 4,1,Cloud 1,261,138,63,11
705,Service 9,0,Cloud 0,785,632,59,91
706,Service 1,2,Cloud 2,351,50,29,91
707,Service 1,2,Cloud 2,80,635,57,22
708,Service 3,2,Cloud 2,703,565,42,0
709,Service 2,1,Cloud 1,126,107,35,85
710,Service 5,1,Cloud 1,109,956,33,26
711,Service 1,2,Cloud 2,959,483,16,11
712,Service 0,2,Cloud 2,477,520,22,13
713,Service 8,0,Cloud 0,203,683,81,33
714,Service 7,2,Cloud 2,907,359,70,29
715,Service 7,1,Cloud 1,292,996,38,40
716,Service 7,0,Cloud 0,875,748,5,76
717,Service 3,1,Cloud 1,181,542,97,88
718,Service 8,2,Cloud 2,79,899,1,10
719,Service 9,0,Cloud 0,192,293,52,1
720,Service 5,1,Cloud 1,870,258,40,1
721,Service 6,2,Cloud 2,625,96,34,33
722,Service 2,1,Cloud 1,74,143,1,6
723,Service 3,1,Cloud 1,850,930,48,41
724,Service 5,1,Cloud 1,603,277,44,84
725,Service 8,0,Cloud 0,771,346,25,32
726,Service 3,0,Cloud 0,306,772,19,67
727,Service 8,1,Cloud 1,484,735,85,54
728,Service 0,2,Cloud 2,896,174,62,65
729,Service 4,2,Cloud 2,100,389,43,63
730,Service 5,2,Cloud 2,844,179,43,90
731,Service 0,1,Cloud 1,927,820,70,95
732,Service 8,2,Cloud 2,720,657,55,57
733,Service 8,2,Cloud 2,23,748,83,33
734,Service 0,1,Cloud 1,236,146,83,66
735,Service 7,0,Cloud 0,721,867,8,96
736,Service 1,1,Cloud 1,943,48,54,16
737,Service 1,2,Cloud 2,54,190,79,46
738,Service 0,2,Cloud 2,915,540,75,39
739,Service 0,1,Cloud 1,254,8,89,63
740,Service 4,0,Cloud 0,337,97,15,66
741,Service 8,2,Cloud 2,894,638,40,30
742,Service 9,1,Cloud 1,723,479,21,82
743,Service 3,2,Cloud 2,551,439,64,24
744,Service 6,2,Cloud 2,407,968,90,45
745,Service 3,2,Cloud 2,541,49,73,84
746,Service 8,0,Cloud 0,452,900,61,20
747,Service 2,2,Cloud 2,712,509,44,92
748,Service 9,0,Cloud 0,236,35,27,22
749,Service 7,1,Cloud 1,183,691,5,18
750,Service 0,2,Cloud 2,392,984,96,80
751,Service 5,2,Cloud 2,100,986,99,27
752,Service 8,2,Cloud 2,152,933,97,53
753,Service 4,2,Cloud 2,688,964,51,93
754,Service 7,2,Cloud 2,112,268,8,70
755,Service 5,1,Cloud 1,647,398,19,15
756,Service 9,0,Cloud 0,456,742,35,64
757,Service 0,1,Cloud 1,663,244,34,26
758,Service 4,0,Cloud 0,221,206,77,75
759,Service 7,1,Cloud 1,76,876,1,31
760,Service 5,2,Cloud 2,860,10,75,43
761,Service 3,1,Cloud 1,727,961,61,70
762,Service 1,1,Cloud 1,761,329,89,62
763,Service 4,2,Cloud 2,522,766,29,14
764,Service 3,2,Cloud 2,756,871,37,3
765,Service 3,0,Cloud 0,606,439,4,88
766,Service 3,1,Cloud 1,611,907,90,89
767,Service 1,1,Cloud 1,702,601,56,68
768,Service 0,0,Cloud 0,159,180,88,2
769,Service 0,1,Cloud 1,448,564,8,14
770,Service 4,0,Cloud 0,335,356,35,84
771,Service 0,0,Cloud 0,305,713,28,83
772,Service 9,0,Cloud 0,529,620,98,14
773,Service 2,1,Cloud 1,660,189,99,85
774,Service 9,0,Cloud 0,323,724,79,94
775,Service 9,1,Cloud 1,190,525,42,90
776,Service 2,1,Cloud 1,310,344,60,58
777,Service 3,0,Cloud 0,203,870,8,89
778,Service 8,1,Cloud 1,941,459,87,97
779,Service 8,1,Cloud 1,615,339,91,14
780,Service 2,0,Cloud 0,134,510,89,11
781,Service 7,0,Cloud 0,37,102,88,5
782,Service 2,2,Cloud 2,677,53,55,92
783,Service 3,2,Cloud 2,37,243,7,37
784,Service 1,2,Cloud 2,961,314,9,10
785,Service 2,2,Cloud 2,116,395,29,31
786,Service 7,1,Cloud 1,186,304,13,77
787,Service 2,0,Cloud 0,819,53,72,78
788,Service 3,0,Cloud 0,884,58,80,54
789,Service 7,2,Cloud 2,917,62,97,65
790,Service 7,2,Cloud 2,658,941,82,29
791,Service 2,2,Cloud 2,938,377,17,58
792,Service 4,1,Cloud 1,570,901,12,20
793,Service 8,0,Cloud 0,359,238,72,11
794,Service 7,0,Cloud 0,680,313,51,51
795,Service 4,1,Cloud 1,95,213,98,36
796,Service 1,1,Cloud 1,960,992,49,28
797,Service 8,2,Cloud 2,789,709,5,68
798,Service 9,0,Cloud 0,590,796,85,81
799,Service 7,1,Cloud 1,669,929,53,72
800,Service 4,0,Cloud 0,763,418,17,99
801,Service 1,0,Cloud 0,122,585,9,42
802,Service 2,0,Cloud 0,517,861,29,45
803,Service 5,2,Cloud 2,64,622,54,8
804,Service 5,2,Cloud 2,598,238,66,59
805,Service 5,0,Cloud 0,371,423,82,84
806,Service 3,2,Cloud 2,826,616,53,62
807,Service 6,2,Cloud 2,551,491,54,63
808,Service 7,1,Cloud 1,246,375,22,99
809,Service 5,1,Cloud 1,377,219,40,48
810,Service 8,1,Cloud 1,557,457,87,27
811,Service 7,2,Cloud 2,415,691,8,12
812,Service 3,1,Cloud 1,873,532,43,68
813,Service 4,2,Cloud 2,950,49,84,89
814,Service 9,1,Cloud 1,557,145,32,95
815,Service 5,1,Cloud 1,876,417,78,4
816,Service 4,2,Cloud 2,376,674,89,76
817,Service 6,0,Cloud 0,624,159,66,90
818,Service 9,1,Cloud 1,837,943,5,22
819,Service 5,1,Cloud 1,941,708,33,3
820,Service 5,0,Cloud 0,786,93,61,24
821,Service 0,0,Cloud 0,281,84,20,55
822,Service 3,0,Cloud 0,673,51,25,91
823,Service 2,0,Cloud 0,31,890,1,79
824,Service 5,1,Cloud 1,289,824,51,95
825,Service 2,2,Cloud 2,439,45,18,35
826,Service 0,0,Cloud 0,404,12,85,94
827,Service 2,1,Cloud 1,381,628,90,88
828,Service 4,1,Cloud 1,610,689,77,48
829,Service 4,0,Cloud 0,789,775,73,60
830,Service 3,0,Cloud 0,90,765,29,23
831,Service 0,2,Cloud 2,961,490,87,93
832,Service 2,2,Cloud 2,310,174,52,50
833,Service 8,1,Cloud 1,618,381,55,44
834,Service 1,2,Cloud 2,781,660,92,74
835,Service 3,1,Cloud 1,430,665,56,68
836,Service 6,2,Cloud 2,30,89,87,85
837,Service 8,2,Cloud 2,468,735,27,84
838,Service 1,1,Cloud 1,924,266,75,14
839,Service 9,0,Cloud 0,939,538,8,85
840,Service 1,1,Cloud 1,265,34,60,9
841,Service 1,1,Cloud 1,522,748,88,40
842,Service 5,1,Cloud 1,995,744,55,43
843,Service 1,0,Cloud 0,315,508,62,19
844,Service 1,0,Cloud 0,191,676,74,54
845,Service 2,1,Cloud 1,761,950,75,57
846,Service 9,1,Cloud 1,789,867,66,29
847,Service 7,2,Cloud 2,717,40,60,77
848,Service 3,2,Cloud 2,506,381,68,45
849,Service 0,2,Cloud 2,915,643,97,3
850,Service 7,1,Cloud 1,635,774,17,12
851,Service 5,0,Cloud 0,962,244,52,13
852,Service 2,2,Cloud 2,878,655,47,75
853,Service 9,2,Cloud 2,352,586,17,91
854,Service 2,0,Cloud 0,774,72,57,18
855,Service 9,2,Cloud 2,881,817,52,45
856,Service 9,0,Cloud 0,594,539,23,91
857,Service 5,1,Cloud 1,239,984,23,61
858,Service 1,2,Cloud 2,244,441,6,74
859,Service 8,1,Cloud 1,850,464,88,53
860,Service 0,1,Cloud 1,357,386,17,40
861,Service 9,1,Cloud 1,759,354,78,63
862,Service 3,2,Cloud 2,43,122,40,94
863,Service 2,2,Cloud 2,630,537,7,26
864,Service 3,0,Cloud 0,224,812,63,19
865,Service 5,2,Cloud 2,443,712,87,13
866,Service 2,2,Cloud 2,106,69,66,34
867,Service 4,1,Cloud 1,478,463,37,56
868,Service 4,0,Cloud 0,879,446,27,53
869,Service 8,0,Cloud 0,786,280,1,5
870,Service 8,2,Cloud 2,752,126,7,68
871,Service 1,1,Cloud 1,227,173,68,24
872,Service 8,0,Cloud 0,914,969,80,6
873,Service 8,1,Cloud 1,831,848,70,78
874,Service 2,2,Cloud 2,26,168,27,45
875,Service 5,0,Cloud 0,202,93,51,12
876,Service 3,2,Cloud 2,774,408,39,12
877,Service 8,0,Cloud 0,247,193,67,15
878,Service 2,1,Cloud 1,805,980,18,68
879,Service 0,0,Cloud 0,41,50,45,37
880,Service 1,0,Cloud 0,707,957,65,9
881,Service 2,1,Cloud 1,738,400,70,6
882,Service 1,0,Cloud 0,742,433,93,69
883,Service 5,1,Cloud 1,76,355,17,80
884,Service 1,1,Cloud 1,909,16,2,91
885,Service 8,1,Cloud 1,978,320,95,36
886,Service 1,2,Cloud 2,762,590,94,70
887,Service 9,2,Cloud 2,222,96,49,94
888,Service 7,1,Cloud 1,397,105,81,59
889,Service 6,1,Cloud 1,362,531,98,49
890,Service 4,2,Cloud 2,291,711,20,92
891,Service 7,2,Cloud 2,824,786,50,74
892,Service 8,0,Cloud 0,851,128,84,42
893,Service 3,2,Cloud 2,155,415,16,57
894,Service 3,1,Cloud 1,261,165,67,94
895,Service 1,1,Cloud 1,698,775,24,84
896,Service 2,1,Cloud 1,33,19,23,36
897,Service 6,2,Cloud 2,4,888,73,93
898,Service 2,2,Cloud 2,265,516,12,57
899,Service 3,2,Cloud 2,894,127,56,8
900,Service 5,2,Cloud 2,770,148,58,19
901,Service 3,2,Cloud 2,21,611,20,47
902,Service 9,2,Cloud 2,3,919,91,74
903,Service 7,0,Cloud 0,434,530,69,20
904,Service 0,1,Cloud 1,579,574,51,94
905,Service 5,1,Cloud 1,138,472,79,7
906,Service 5,1,Cloud 1,463,418,53,7
907,Service 3,2,Cloud 2,778,65,64,70
908,Service 9,0,Cloud 0,586,976,34,96
909,Service 4,0,Cloud 0,360,78,11,73
910,Service 2,0,Cloud 0,455,511,94,26
911,Service 3,0,Cloud 0,854,203,22,45
912,Service 7,1,Cloud 1,661,900,85,82
913,Service 3,2,Cloud 2,374,933,3,45
914,Service 3,2,Cloud 2,561,796,66,34
915,Service 3,1,Cloud 1,783,349,84,41
916,Service 1,0,Cloud 0,84,836,36,0
917,Service 9,2,Cloud 2,459,362,22,52
918,Service 2,2,Cloud 2,590,504,39,16
919,Service 0,2,Cloud 2,781,424,89,58
920,Service 2,1,Cloud 1,994,186,6,76
921,Service 1,1,Cloud 1,327,818,62,82
922,Service 0,2,Cloud 2,342,12,53,14
923,Service 5,1,Cloud 1,846,333,12,11
924,Service 9,0,Cloud 0,223,391,34,60
925,Service 6,0,Cloud 0,609,188,73,45
926,Service 6,1,Cloud 1,153,393,41,92
927,Service 8,2,Cloud 2,402,968,8,73
928,Service 7,0,Cloud 0,929,244,2,85
929,Service 0,0,Cloud 0,150,872,82,10
930,Service 0,2,Cloud 2,495,985,16,75
931,Service 5,0,Cloud 0,622,604,53,64
932,Service 1,1,Cloud 1,638,428,25,43
933,Service 1,2,Cloud 2,202,135,88,34
934,Service 8,1,Cloud 1,799,581,40,14
935,Service 4,1,Cloud 1,496,325,87,55
936,Service 9,2,Cloud 2,105,234,15,95
937,Service 4,1,Cloud 1,83,392,67,86
938,Service 6,1,Cloud 1,614,898,0,15
939,Service 7,1,Cloud 1,707,613,94,57
940,Service 4,1,Cloud 1,442,215,14,1
941,Service 0,0,Cloud 0,626,765,51,50
942,Service 4,0,Cloud 0,153,52,89,67
943,Service 0,2,Cloud 2,955,123,51,19
944,Service 6,2,Cloud 2,341,496,84,70
945,Service 3,0,Cloud 0,342,165,52,86
946,Service 2,2,Cloud 2,427,935,80,35
947,Service 6,0,Cloud 0,115,95,66,75
948,Service 5,2,Cloud 2,35,811,55,81
949,Service 2,2,Cloud 2,238,922,33,42
950,Service 5,2,Cloud 2,357,781,19,60
951,Service 9,0,Cloud 0,619,628,42,34
952,Service 8,1,Cloud 1,667,150,56,7
953,Service 6,1,Cloud 1,936,672,12,64
954,Service 3,2,Cloud 2,493,789,62,18
955,Service 7,0,Cloud 0,827,96,80,12
956,Service 2,1,Cloud 1,23,918,77,91
957,Service 2,0,Cloud 0,228,614,95,34
958,Service 8,2,Cloud 2,171,669,72,51
959,Service 1,1,Cloud 1,894,229,24,97
960,Service 3,2,Cloud 2,801,998,55,34
961,Service 3,1,Cloud 1,733,858,80,70
962,Service 4,1,Cloud 1,777,165,43,62
963,Service 1,2,Cloud 2,11,539,34,90
964,Service 6,1,Cloud 1,266,101,99,70
965,Service 2,2,Cloud 2,295,776,53,21
966,Service 0,2,Cloud 2,876,668,96,1
967,Service 0,0,Cloud 0,130,366,3,12
968,Service 2,2,Cloud 2,512,463,77,33
969,Service 1,0,Cloud 0,483,455,72,55
970,Service 4,0,Cloud 0,670,738,48,94
971,Service 7,1,Cloud 1,270,245,57,19
972,Service 2,1,Cloud 1,174,41,87,31
973,Service 0,0,Cloud 0,492,234,47,15
974,Service 4,1,Cloud 1,886,516,5,54
975,Service 5,0,Cloud 0,500,151,52,37
976,Service 4,0,Cloud 0,84,643,35,85
977,Service 7,2,Cloud 2,32,942,9,90
978,Service 1,1,Cloud 1,844,607,46,23
979,Service 0,0,Cloud 0,340,197,49,25
980,Service 9,1,Cloud 1,227,218,68,19
981,Service 4,0,Cloud 0,854,647,83,74
982,Service 5,2,Cloud 2,224,138,44,47
983,Service 5,1,Cloud 1,541,786,34,91
984,Service 4,0,Cloud 0,274,31,31,91
985,Service 1,0,Cloud 0,225,591,86,4
986,Service 5,0,Cloud 0,506,349,50,87
987,Service 9,0,Cloud 0,450,7,66,81
988,Service 0,0,Cloud 0,585,890,71,75
989,Service 8,2,Cloud 2,81,878,75,1
990,Service 0,1,Cloud 1,483,537,64,46
991,Service 1,1,Cloud 1,528,361,92,1
992,Service 0,2,Cloud 2,665,34,95,54
993,Service 1,2,Cloud 2,624,607,82,78
994,Service 2,2,Cloud 2,345,507,23,64
995,Service 2,2,Cloud 2,532,751,83,94
996,Service 7,0,Cloud 0,495,810,61,39
997,Service 8,0,Cloud 0,83,657,66,94
998,Service 9,0,Cloud 0,271,125,81,98
999,Service 7,0,Cloud 0,251,659,16,80
